companyId,companyName,week_end_sunday,kyc_sessions_total,gov_validated,gov_not_validated,hil_doccheck_total,hil_doccheck_approved,hil_doccheck_disapproved,hil_liveness_total,hil_liveness_approved,hil_liveness_disapproved,hil_facematch_total,hil_facematch_approved,hil_facematch_disapproved
1028,Company 1028,2025-07-06,2,2,0,2,2,0,2,1,1,0,0,0
1028,Company 1028,2025-07-13,5,3,0,3,3,0,5,4,0,0,0,0
1028,Company 1028,2025-07-27,7,0,0,0,0,0,7,7,0,0,0,0
1028,Company 1028,2025-08-17,1,0,0,0,0,0,1,1,0,0,0,0
1053,Company 1053,2025-08-10,1,1,0,1,1,0,1,1,0,0,0,0
1053,Company 1053,2025-08-17,1,0,0,0,0,0,1,1,0,0,0,0
1053,Company 1053,2025-08-31,1,1,0,1,1,0,1,1,0,0,0,0
1053,Company 1053,2025-09-07,1,1,0,1,1,0,1,1,0,0,0,0
1053,Company 1053,2025-09-14,1,1,0,1,1,0,1,1,0,0,0,0
1053,Company 1053,2025-11-16,1,1,0,1,1,0,1,1,0,0,0,0
1053,Company 1053,2025-11-30,1,1,0,1,1,0,1,1,0,0,0,0
1053,Company 1053,2025-12-21,1,1,0,1,1,0,1,1,0,0,0,0
1053,Company 1053,2026-01-25,1,0,0,0,0,0,1,0,1,0,0,0
1053,Company 1053,2026-02-01,3,0,0,3,3,0,3,3,0,0,0,0
1053,Company 1053,2026-02-08,2,0,0,2,1,1,2,2,0,0,0,0
1053,Company 1053,2026-03-01,1,1,0,1,1,0,1,1,0,0,0,0
1053,Company 1053,2026-03-22,2,2,0,2,2,0,2,2,0,0,0,0
1053,Company 1053,2026-03-29,5,2,1,3,2,1,5,4,1,0,0,0
1053,Company 1053,2026-04-05,1,1,0,1,1,0,1,1,0,0,0,0
110,Company 110,2025-05-11,391,0,0,268,254,7,392,281,50,0,0,0
110,Company 110,2025-05-18,424,0,0,304,282,13,427,320,68,0,0,0
110,Company 110,2025-05-25,457,0,0,301,269,17,461,311,86,0,0,0
110,Company 110,2025-06-01,484,0,0,294,275,6,484,301,66,0,0,0
110,Company 110,2025-06-08,476,0,0,376,360,1,476,400,24,0,0,0
110,Company 110,2025-06-15,495,0,0,398,372,1,492,417,28,0,0,0
110,Company 110,2025-06-22,470,102,8,386,364,1,470,406,30,0,0,0
110,Company 110,2025-06-29,646,459,54,513,459,24,647,527,41,0,0,0
110,Company 110,2025-07-06,487,388,21,409,386,9,492,420,8,0,0,0
110,Company 110,2025-07-13,253,204,9,213,204,4,253,219,9,0,0,0
110,Company 110,2025-07-20,239,223,6,229,225,1,238,229,2,0,0,0
110,Company 110,2025-07-27,226,199,7,206,199,3,226,211,3,0,0,0
110,Company 110,2025-08-03,287,256,9,265,255,2,288,267,4,0,0,0
110,Company 110,2025-08-10,237,215,3,218,217,1,237,219,4,0,0,0
110,Company 110,2025-08-17,377,319,14,333,325,3,377,352,6,0,0,0
110,Company 110,2025-08-24,331,277,15,292,289,2,331,310,2,0,0,0
110,Company 110,2025-08-31,323,262,14,276,268,6,322,294,4,0,0,0
110,Company 110,2025-09-07,297,258,6,264,263,1,296,282,3,0,0,0
110,Company 110,2025-09-14,277,224,15,239,234,4,277,265,3,0,0,0
110,Company 110,2025-09-21,325,279,14,293,286,6,325,309,1,0,0,0
110,Company 110,2025-09-28,306,260,11,271,265,5,306,288,4,0,0,0
110,Company 110,2025-10-05,298,242,5,247,246,1,298,270,8,0,0,0
110,Company 110,2025-10-12,255,208,13,221,218,2,255,241,1,0,0,0
110,Company 110,2025-10-19,337,276,16,292,287,5,336,329,0,0,0,0
110,Company 110,2025-10-26,298,245,15,260,254,6,298,283,3,0,0,0
110,Company 110,2025-11-02,272,224,9,233,229,2,272,255,7,0,0,0
110,Company 110,2025-11-09,337,290,10,300,297,3,337,323,3,0,0,0
110,Company 110,2025-11-16,401,342,14,356,352,1,400,370,2,0,0,0
110,Company 110,2025-11-23,375,326,12,338,336,0,377,362,3,0,0,0
110,Company 110,2025-11-30,378,337,8,345,344,1,378,363,2,0,0,0
110,Company 110,2025-12-07,270,239,10,249,249,0,270,260,1,0,0,0
110,Company 110,2025-12-14,353,316,5,321,319,2,352,333,4,0,0,0
110,Company 110,2025-12-21,362,314,14,328,324,2,362,345,6,0,0,0
110,Company 110,2025-12-28,278,238,8,246,245,1,278,261,3,0,0,0
110,Company 110,2026-01-04,214,188,5,193,190,1,214,201,4,0,0,0
110,Company 110,2026-01-11,207,183,2,185,184,1,206,197,4,0,0,0
110,Company 110,2026-01-18,314,268,10,278,272,4,314,291,3,0,0,0
110,Company 110,2026-01-25,273,143,4,256,253,2,272,264,1,0,0,0
110,Company 110,2026-02-01,221,0,0,200,195,4,221,209,2,0,0,0
110,Company 110,2026-02-08,300,0,0,276,271,4,299,278,5,0,0,0
110,Company 110,2026-02-15,269,203,6,238,234,0,269,244,2,0,0,0
110,Company 110,2026-02-22,297,192,6,198,192,0,297,203,0,0,0,0
110,Company 110,2026-03-01,309,247,13,260,247,0,309,274,0,0,0,0
110,Company 110,2026-03-08,381,305,8,313,305,0,381,323,0,0,0,0
110,Company 110,2026-03-15,572,450,24,474,450,0,572,485,0,0,0,0
110,Company 110,2026-03-22,434,352,5,357,352,0,434,369,0,0,0,0
110,Company 110,2026-03-29,419,364,13,377,370,3,418,389,4,0,0,0
110,Company 110,2026-04-05,346,311,4,315,311,2,346,334,2,0,0,0
110,Company 110,2026-04-12,3,3,0,3,3,0,3,3,0,0,0,0
123,Company 123,2025-05-18,50,0,0,45,43,2,50,45,2,0,0,0
123,Company 123,2025-05-25,528,0,0,477,433,20,531,483,25,0,0,0
123,Company 123,2025-06-01,524,0,0,481,446,21,527,486,20,0,0,0
123,Company 123,2025-06-08,509,0,0,445,417,4,509,464,14,0,0,0
123,Company 123,2025-06-15,588,0,0,494,477,3,587,517,24,0,0,0
123,Company 123,2025-06-22,17,0,0,11,11,0,17,12,1,0,0,0
135,Company 135,2025-08-31,3,0,0,0,0,0,3,0,0,0,0,0
135,Company 135,2025-09-07,6,3,0,3,2,0,6,3,1,0,0,0
135,Company 135,2025-09-14,1,1,0,1,1,0,1,1,0,0,0,0
135,Company 135,2025-09-21,1,1,0,1,1,0,1,1,0,0,0,0
135,Company 135,2026-03-22,5,0,3,3,2,1,7,4,3,0,0,0
135,Company 135,2026-03-29,1,0,0,0,0,0,0,0,0,0,0,0
135,Company 135,2026-04-05,6,0,7,7,5,2,6,5,1,0,0,0
155,Company 155,2025-06-08,7,0,0,7,6,1,7,7,0,0,0,0
155,Company 155,2025-06-15,5,0,0,5,5,0,5,5,0,0,0,0
155,Company 155,2025-06-22,1,0,0,1,1,0,1,1,0,0,0,0
155,Company 155,2025-07-13,3,0,0,0,0,0,3,2,0,0,0,0
155,Company 155,2025-07-27,2,0,0,0,0,0,2,2,0,0,0,0
155,Company 155,2025-08-03,2,0,0,0,0,0,2,1,1,0,0,0
155,Company 155,2025-10-12,1,0,0,0,0,0,1,0,1,0,0,0
155,Company 155,2026-02-08,1,0,0,0,0,0,1,1,0,0,0,0
155,Company 155,2026-02-15,1,0,0,0,0,0,1,1,0,0,0,0
155,Company 155,2026-02-22,1,0,0,0,0,0,1,1,0,0,0,0
155,Company 155,2026-03-01,1,0,0,0,0,0,1,1,0,0,0,0
155,Company 155,2026-03-22,21,0,0,0,0,0,21,21,0,0,0,0
155,Company 155,2026-03-29,13,0,0,0,0,0,13,12,1,0,0,0
155,Company 155,2026-04-05,4,0,0,0,0,0,4,2,0,0,0,0
1584,Company 1584,2025-06-01,6,0,0,4,4,0,6,4,1,0,0,0
1584,Company 1584,2025-06-08,3,0,0,1,1,0,3,3,0,0,0,0
1584,Company 1584,2025-06-15,1,0,0,1,1,0,1,1,0,0,0,0
1584,Company 1584,2025-06-22,2,1,0,1,1,0,2,1,0,0,0,0
1584,Company 1584,2025-07-13,1,0,0,0,0,0,1,0,0,0,0,0
1584,Company 1584,2025-08-03,5,5,0,5,5,0,5,5,0,0,0,0
1584,Company 1584,2025-08-17,1,1,0,1,1,0,1,1,0,0,0,0
1584,Company 1584,2025-09-07,1,1,0,1,1,0,1,1,0,0,0,0
1584,Company 1584,2025-10-12,3,2,0,2,2,0,3,2,0,0,0,0
1655,Company 1655,2025-08-10,6,4,0,4,4,0,6,4,1,0,0,0
1655,Company 1655,2025-08-17,1,0,0,0,0,0,1,0,0,0,0,0
1655,Company 1655,2026-02-15,1,1,0,1,1,0,1,1,0,1,1,0
1655,Company 1655,2026-02-22,2,1,0,1,1,0,2,1,0,1,1,0
1655,Company 1655,2026-03-01,2,1,0,1,1,0,2,2,0,1,1,0
1655,Company 1655,2026-03-08,1,1,0,1,1,0,1,1,0,1,1,0
1737,Company 1737,2025-06-15,7,0,0,5,5,0,7,5,1,0,0,0
1737,Company 1737,2025-06-22,69,3,1,57,55,0,69,58,5,0,0,0
1737,Company 1737,2025-06-29,24,19,0,19,19,0,24,20,2,0,0,0
1737,Company 1737,2025-07-06,25,13,9,22,13,6,25,22,1,0,0,0
1737,Company 1737,2025-07-13,67,61,1,62,60,1,67,63,0,0,0,0
1737,Company 1737,2025-07-20,75,63,0,63,62,0,75,63,0,0,0,0
1737,Company 1737,2025-07-27,45,35,0,35,35,0,45,36,1,0,0,0
1737,Company 1737,2025-08-03,29,25,0,25,25,0,29,26,1,0,0,0
1737,Company 1737,2025-08-10,25,22,0,22,22,0,25,23,0,0,0,0
1737,Company 1737,2025-08-17,28,23,0,23,22,0,28,26,0,0,0,0
1737,Company 1737,2025-08-24,25,21,0,21,21,0,25,22,0,0,0,0
1737,Company 1737,2025-08-31,69,52,1,53,52,1,69,57,3,0,0,0
1737,Company 1737,2025-09-07,107,75,5,80,78,1,107,93,0,0,0,0
1737,Company 1737,2025-09-14,87,68,1,69,68,1,87,75,2,0,0,0
1737,Company 1737,2025-09-21,94,67,2,69,69,0,94,84,2,0,0,0
1737,Company 1737,2025-09-28,79,69,3,72,71,0,79,74,1,26,22,1
1737,Company 1737,2025-10-05,82,69,2,71,69,2,81,74,1,68,62,1
1737,Company 1737,2025-10-12,80,72,2,74,73,0,80,77,1,67,60,0
1737,Company 1737,2025-10-19,66,53,3,56,54,0,66,59,0,53,45,0
1737,Company 1737,2025-10-26,77,49,3,52,51,1,77,63,2,48,44,0
1737,Company 1737,2025-11-02,58,45,1,46,44,1,58,52,0,44,40,0
1737,Company 1737,2025-11-09,50,35,1,36,35,1,50,40,0,33,31,0
1737,Company 1737,2025-11-16,60,47,0,47,47,0,60,51,0,45,40,0
1737,Company 1737,2025-11-23,31,28,0,28,28,0,29,28,0,23,19,0
1737,Company 1737,2025-11-30,41,37,1,38,37,0,41,41,0,37,32,0
1737,Company 1737,2025-12-07,40,34,2,36,34,1,31,27,0,25,19,0
1737,Company 1737,2025-12-14,29,19,3,22,21,0,28,25,0,17,14,0
1737,Company 1737,2025-12-21,23,19,2,21,20,1,23,21,0,19,14,0
1737,Company 1737,2025-12-28,24,15,1,16,16,0,24,19,0,16,13,0
1737,Company 1737,2026-01-04,35,32,1,33,33,0,35,34,0,33,28,0
1737,Company 1737,2026-01-11,79,72,0,72,72,0,78,73,2,67,62,0
1737,Company 1737,2026-01-18,69,58,0,58,58,0,68,57,1,54,45,0
1737,Company 1737,2026-01-25,59,37,0,56,56,0,59,56,0,52,43,0
1737,Company 1737,2026-02-01,47,0,0,41,41,0,47,42,0,40,29,0
1737,Company 1737,2026-02-08,50,0,0,44,43,0,50,47,0,42,35,0
1737,Company 1737,2026-02-15,87,59,0,74,74,0,86,74,2,69,62,0
1737,Company 1737,2026-02-22,60,48,0,48,48,0,60,49,3,45,37,0
1737,Company 1737,2026-03-01,33,28,0,28,28,0,33,31,0,26,21,0
1737,Company 1737,2026-03-08,61,48,2,50,48,2,61,52,0,42,26,1
1737,Company 1737,2026-03-15,33,29,1,30,29,1,33,32,0,28,26,0
1737,Company 1737,2026-03-22,30,27,0,27,27,0,30,27,1,27,25,0
1737,Company 1737,2026-03-29,30,26,1,27,27,0,30,29,0,26,26,0
1737,Company 1737,2026-04-05,18,12,0,12,12,0,18,12,0,12,7,0
1844,Company 1844,2025-05-11,476,0,0,372,356,9,477,388,27,0,0,0
1844,Company 1844,2025-05-18,596,0,0,414,406,4,597,447,33,0,0,0
1844,Company 1844,2025-05-25,405,0,0,292,284,1,403,299,11,0,0,0
1844,Company 1844,2025-06-01,595,0,0,403,387,4,599,433,26,0,0,0
1844,Company 1844,2025-06-08,382,0,0,252,245,0,384,276,24,0,0,0
1844,Company 1844,2025-06-15,511,0,0,349,343,0,510,372,22,0,0,0
1844,Company 1844,2025-06-22,694,179,3,390,373,0,694,436,82,0,0,0
1844,Company 1844,2025-06-29,630,385,19,404,383,7,631,427,50,0,0,0
1844,Company 1844,2025-07-06,763,375,116,491,375,61,765,532,70,0,0,0
1844,Company 1844,2025-07-13,493,289,8,297,289,3,494,317,41,0,0,0
1844,Company 1844,2025-07-20,691,424,14,438,424,9,693,476,47,0,0,0
1844,Company 1844,2025-07-27,461,295,8,303,294,4,463,317,35,0,0,0
1844,Company 1844,2025-08-03,500,311,16,327,310,8,500,343,43,0,0,0
1844,Company 1844,2025-08-10,492,279,9,288,278,7,491,326,38,0,0,0
1844,Company 1844,2025-08-17,316,168,14,182,168,14,316,215,34,0,0,0
1844,Company 1844,2025-08-24,337,207,5,212,207,5,337,247,26,0,0,0
1844,Company 1844,2025-08-31,496,300,13,313,297,14,496,351,69,0,0,0
1844,Company 1844,2025-09-07,286,184,10,194,183,10,285,212,16,0,0,0
1844,Company 1844,2025-09-14,475,289,22,311,289,21,475,360,29,0,0,0
1844,Company 1844,2025-09-21,542,351,13,364,350,13,542,408,33,0,0,0
1844,Company 1844,2025-09-28,520,313,16,329,313,16,520,373,42,0,0,0
1844,Company 1844,2025-10-05,602,343,29,372,340,29,602,432,50,0,0,0
1844,Company 1844,2025-10-12,544,307,24,331,307,24,544,380,58,0,0,0
1844,Company 1844,2025-10-19,897,537,27,564,536,26,897,654,60,0,0,0
1844,Company 1844,2025-10-26,310,194,7,201,194,7,311,222,23,0,0,0
1844,Company 1844,2025-11-02,247,156,12,168,155,12,246,195,20,0,0,0
1844,Company 1844,2025-11-09,301,195,6,201,196,2,301,224,23,97,76,0
1844,Company 1844,2025-11-16,368,227,16,243,229,3,368,285,2,223,195,1
1844,Company 1844,2025-11-23,622,402,24,426,417,4,622,493,5,403,340,0
1844,Company 1844,2025-11-30,634,445,19,464,452,6,634,520,1,437,365,0
1844,Company 1844,2025-12-07,393,261,14,275,271,2,393,303,1,265,219,0
1844,Company 1844,2025-12-14,657,418,30,448,427,7,657,506,10,410,329,1
1844,Company 1844,2025-12-21,532,355,16,371,366,1,530,426,5,353,279,0
1844,Company 1844,2025-12-28,642,425,19,444,429,3,642,503,4,416,336,0
1844,Company 1844,2026-01-04,291,214,4,218,215,1,291,238,0,205,165,0
1844,Company 1844,2026-01-11,436,316,13,329,320,4,436,349,6,300,237,0
1844,Company 1844,2026-01-18,304,224,3,227,225,1,304,254,5,214,166,0
1844,Company 1844,2026-01-25,269,115,7,210,200,3,270,220,3,193,159,0
1844,Company 1844,2026-02-01,490,0,0,367,352,6,490,394,5,341,283,0
1844,Company 1844,2026-02-08,313,0,0,239,234,4,310,263,4,231,200,0
1844,Company 1844,2026-02-15,281,195,13,226,217,5,280,244,3,206,176,0
1844,Company 1844,2026-02-22,451,311,12,323,317,4,447,347,4,308,256,0
1844,Company 1844,2026-03-01,332,257,11,268,261,4,330,280,5,248,204,3
1844,Company 1844,2026-03-08,339,241,12,253,245,4,339,279,1,239,209,0
1844,Company 1844,2026-03-15,305,213,12,225,219,5,299,235,1,206,176,1
1844,Company 1844,2026-03-22,341,243,7,250,245,3,341,274,5,233,201,0
1844,Company 1844,2026-03-29,290,223,10,233,226,2,289,241,5,217,191,0
1844,Company 1844,2026-04-05,277,200,9,209,204,4,277,227,2,200,177,0
1844,Company 1844,2026-04-12,15,12,0,12,12,0,15,13,0,10,9,0
1890,Company 1890,2025-06-29,284,259,6,265,259,5,284,264,2,0,0,0
1890,Company 1890,2025-07-06,281,265,11,276,264,9,281,278,0,0,0,0
1890,Company 1890,2025-07-13,280,255,11,266,255,9,279,265,1,0,0,0
1890,Company 1890,2025-07-20,310,286,15,301,286,10,310,302,2,0,0,0
1890,Company 1890,2025-07-27,302,286,6,292,286,4,302,293,1,0,0,0
1890,Company 1890,2025-08-03,295,272,13,285,272,11,295,287,0,0,0,0
1890,Company 1890,2025-08-10,344,318,17,335,318,16,344,337,0,0,0,0
1890,Company 1890,2025-08-17,346,328,9,337,328,6,345,337,1,0,0,0
1890,Company 1890,2025-08-24,347,326,9,335,325,5,347,335,1,0,0,0
1890,Company 1890,2025-08-31,334,316,11,327,316,6,334,330,0,0,0,0
1890,Company 1890,2025-09-07,302,271,15,286,268,15,302,297,0,0,0,0
1890,Company 1890,2025-09-14,286,251,17,268,220,38,286,275,2,0,0,0
1890,Company 1890,2025-09-21,248,222,7,229,220,7,248,242,1,0,0,0
1890,Company 1890,2025-09-28,245,225,11,236,225,2,245,238,0,0,0,0
1890,Company 1890,2025-10-05,297,270,13,283,269,3,297,290,0,0,0,0
1890,Company 1890,2025-10-12,289,253,15,268,253,4,289,281,0,0,0,0
1890,Company 1890,2025-10-19,267,240,12,252,240,8,267,261,1,0,0,0
1890,Company 1890,2025-10-26,278,255,11,266,256,2,278,272,1,0,0,0
1890,Company 1890,2025-11-02,263,231,13,244,234,6,263,252,0,0,0,0
1890,Company 1890,2025-11-09,298,275,15,290,281,0,298,292,0,0,0,0
1890,Company 1890,2025-11-16,281,249,15,264,253,4,281,268,0,0,0,0
1890,Company 1890,2025-11-23,262,242,9,251,247,1,260,253,0,0,0,0
1890,Company 1890,2025-11-30,296,273,12,285,279,0,296,288,0,0,0,0
1890,Company 1890,2025-12-07,326,302,11,313,307,5,324,316,1,0,0,0
1890,Company 1890,2025-12-14,278,259,8,267,262,2,277,266,0,0,0,0
1890,Company 1890,2025-12-21,258,233,16,249,239,3,258,253,1,0,0,0
1890,Company 1890,2025-12-28,335,304,21,325,312,4,335,327,2,0,0,0
1890,Company 1890,2026-01-04,297,281,13,294,289,4,297,295,1,0,0,0
1890,Company 1890,2026-01-11,197,168,13,181,173,4,197,187,3,0,0,0
1890,Company 1890,2026-01-18,185,167,10,177,175,2,185,180,1,0,0,0
1890,Company 1890,2026-01-25,191,93,6,185,180,1,191,187,0,0,0,0
1890,Company 1890,2026-02-01,130,0,0,129,125,1,130,129,1,0,0,0
1898,Company 1898,2025-07-06,3,3,0,3,1,1,0,0,0,0,0,0
1898,Company 1898,2025-07-27,5,0,0,0,0,0,5,4,1,0,0,0
1898,Company 1898,2025-08-03,1,0,0,0,0,0,1,1,0,0,0,0
1898,Company 1898,2025-08-17,1,0,0,0,0,0,1,1,0,0,0,0
1898,Company 1898,2025-08-24,16,0,0,0,0,0,16,16,0,0,0,0
1898,Company 1898,2025-08-31,9,0,0,0,0,0,9,9,0,0,0,0
1898,Company 1898,2025-09-14,1,0,0,0,0,0,1,1,0,0,0,0
1898,Company 1898,2025-09-28,3,0,0,0,0,0,3,2,1,0,0,0
1898,Company 1898,2025-10-19,1,0,0,0,0,0,1,1,0,0,0,0
1898,Company 1898,2025-10-26,4,0,0,0,0,0,4,4,0,0,0,0
1898,Company 1898,2025-11-02,2,0,0,0,0,0,2,2,0,0,0,0
1898,Company 1898,2025-11-30,1,0,0,0,0,0,1,1,0,0,0,0
1925,Company 1925,2025-06-01,4,0,0,1,1,0,3,2,0,0,0,0
1925,Company 1925,2025-06-22,1,0,0,1,1,0,1,1,0,0,0,0
1925,Company 1925,2025-06-29,5,2,0,2,2,0,5,2,1,0,0,0
1925,Company 1925,2025-07-06,5,1,1,2,1,0,4,1,0,0,0,0
1925,Company 1925,2025-07-13,36,35,1,36,35,0,47,44,1,0,0,0
1925,Company 1925,2025-07-20,7,7,0,7,7,0,7,7,0,0,0,0
1926,Company 1926,2025-05-11,3,0,0,2,2,0,4,2,1,0,0,0
1926,Company 1926,2025-05-18,4,0,0,4,4,0,4,4,0,0,0,0
1926,Company 1926,2025-05-25,5,0,0,5,5,0,5,5,0,0,0,0
1926,Company 1926,2025-06-01,5,0,0,3,3,0,5,3,2,0,0,0
1926,Company 1926,2025-06-08,4,0,0,4,4,0,4,4,0,0,0,0
1926,Company 1926,2025-06-15,5,0,0,5,4,0,5,5,0,0,0,0
1926,Company 1926,2025-06-22,9,1,0,5,5,0,9,5,2,0,0,0
1926,Company 1926,2025-06-29,18,11,4,15,11,2,18,15,3,0,0,0
1926,Company 1926,2025-07-06,4,4,0,4,4,0,4,4,0,0,0,0
1926,Company 1926,2025-07-13,6,5,1,6,5,1,6,6,0,0,0,0
1926,Company 1926,2025-07-20,5,3,4,7,4,1,5,5,0,0,0,0
1926,Company 1926,2025-07-27,1,1,0,1,1,0,1,1,0,0,0,0
1926,Company 1926,2025-08-03,4,4,0,4,4,0,4,4,0,0,0,0
1926,Company 1926,2025-08-10,3,2,0,2,2,0,3,2,1,0,0,0
1926,Company 1926,2025-08-17,2,2,0,2,2,0,2,2,0,0,0,0
1926,Company 1926,2025-08-24,5,4,0,4,4,0,5,4,0,0,0,0
1926,Company 1926,2025-08-31,2,2,0,2,2,0,2,2,0,0,0,0
1926,Company 1926,2025-09-07,4,3,0,3,3,0,4,3,1,0,0,0
1926,Company 1926,2025-09-14,5,5,0,5,5,0,5,5,0,0,0,0
1926,Company 1926,2025-09-21,1,1,0,1,1,0,1,1,0,0,0,0
1926,Company 1926,2025-10-05,4,2,0,2,2,0,4,2,0,0,0,0
1926,Company 1926,2025-10-12,3,2,1,3,2,0,3,3,0,0,0,0
1926,Company 1926,2025-10-19,1,1,0,1,1,0,1,1,0,0,0,0
1926,Company 1926,2025-10-26,7,5,2,7,5,0,7,7,0,0,0,0
1926,Company 1926,2025-11-02,6,5,0,5,5,0,6,5,1,0,0,0
1926,Company 1926,2025-11-09,2,1,0,1,1,0,2,2,0,0,0,0
1926,Company 1926,2025-11-16,6,2,1,3,2,0,6,5,0,2,2,0
1926,Company 1926,2025-11-23,5,5,0,5,5,0,5,5,0,5,5,0
1926,Company 1926,2025-11-30,1,1,0,1,1,0,1,1,0,1,1,0
1926,Company 1926,2025-12-07,3,3,0,3,3,0,3,3,0,3,3,0
1926,Company 1926,2025-12-14,2,1,0,1,1,0,2,2,0,1,1,0
1926,Company 1926,2025-12-21,1,1,0,1,1,0,1,1,0,1,1,0
1926,Company 1926,2025-12-28,1,1,0,1,1,0,1,1,0,1,1,0
1926,Company 1926,2026-01-04,1,1,0,1,1,0,1,1,0,1,1,0
1926,Company 1926,2026-01-11,2,2,0,2,2,0,2,2,0,2,2,0
1926,Company 1926,2026-01-18,3,3,0,3,3,0,3,3,0,3,3,0
1926,Company 1926,2026-01-25,8,4,0,7,7,0,8,8,0,7,7,0
1926,Company 1926,2026-02-01,5,0,0,5,5,0,5,5,0,5,5,0
1926,Company 1926,2026-02-08,2,0,0,2,2,0,2,2,0,2,2,0
1926,Company 1926,2026-02-15,3,2,1,3,3,0,3,3,0,3,3,0
1926,Company 1926,2026-02-22,6,5,0,5,5,0,6,5,1,5,5,0
1926,Company 1926,2026-03-01,9,7,1,8,7,0,9,9,0,7,7,0
1926,Company 1926,2026-03-08,3,3,0,3,3,0,3,3,0,3,3,0
1926,Company 1926,2026-03-15,3,3,0,3,3,0,3,3,0,3,3,0
1926,Company 1926,2026-03-22,1,1,0,1,1,0,1,1,0,1,1,0
1926,Company 1926,2026-03-29,11,9,2,11,10,1,11,11,0,10,10,0
1926,Company 1926,2026-04-05,2,2,0,2,2,0,2,2,0,2,2,0
1944,Company 1944,2025-04-27,1,0,0,2,1,0,1,1,0,0,0,0
1944,Company 1944,2025-05-04,3,0,0,1,1,0,3,1,1,0,0,0
1944,Company 1944,2025-05-11,1,0,0,1,0,0,1,1,0,0,0,0
1944,Company 1944,2025-05-25,4,0,0,1,0,0,9,2,2,0,0,0
1944,Company 1944,2025-06-01,9,0,0,15,8,5,14,6,6,0,0,0
1944,Company 1944,2025-06-08,6,0,0,1,0,1,14,2,7,0,0,0
1944,Company 1944,2025-06-15,6,0,0,6,2,2,0,0,0,0,0,0
1944,Company 1944,2025-06-22,14,0,1,9,3,3,14,1,7,0,0,0
1944,Company 1944,2025-06-29,6,7,3,10,6,3,3,0,3,0,0,0
1944,Company 1944,2025-07-06,3,10,1,11,6,3,3,2,0,0,0,0
1944,Company 1944,2025-07-13,7,10,1,11,8,2,5,4,0,0,0,0
1944,Company 1944,2025-07-20,5,0,6,6,0,5,8,3,2,0,0,0
1944,Company 1944,2025-07-27,6,10,2,12,10,2,3,3,0,0,0,0
1944,Company 1944,2025-08-03,114,29,84,113,28,85,4,3,0,0,0,0
1944,Company 1944,2025-08-10,124,45,78,123,43,79,6,3,0,0,0,0
1944,Company 1944,2025-08-17,14,0,12,12,0,9,2,0,0,0,0,0
1944,Company 1944,2025-08-24,38,15,24,39,13,12,8,6,1,0,0,0
1944,Company 1944,2025-08-31,44,28,9,37,28,1,25,20,1,5,5,0
1944,Company 1944,2025-09-07,1,1,0,1,1,0,1,1,0,0,0,0
1944,Company 1944,2025-09-14,7,4,1,5,3,0,2,0,0,0,0,0
1944,Company 1944,2025-09-21,7,3,3,6,2,1,1,1,0,0,0,0
1944,Company 1944,2025-09-28,3,0,2,2,1,0,1,0,0,0,0,0
1944,Company 1944,2025-10-05,25,9,7,16,1,9,17,4,0,0,0,0
1944,Company 1944,2025-10-12,9,3,10,13,1,10,4,2,0,0,0,0
1944,Company 1944,2025-10-19,8,5,3,8,5,0,0,0,0,0,0,0
1944,Company 1944,2025-10-26,8,6,2,8,6,0,0,0,0,5,5,0
1944,Company 1944,2025-11-02,35,17,40,57,23,1,9,3,0,19,19,0
1944,Company 1944,2025-11-09,3,2,1,3,2,0,0,0,0,2,2,0
1944,Company 1944,2025-11-16,28,18,10,28,25,0,2,1,0,14,12,1
1944,Company 1944,2025-11-23,46,8,38,46,7,5,0,0,0,5,5,0
1944,Company 1944,2025-11-30,20,2,18,20,10,5,0,0,0,9,2,7
1944,Company 1944,2025-12-07,7,4,0,4,3,0,4,2,0,3,3,0
1944,Company 1944,2025-12-14,26,11,15,26,17,1,2,2,0,13,7,6
1944,Company 1944,2025-12-21,9,5,4,9,5,1,0,0,0,3,3,0
1944,Company 1944,2025-12-28,32,21,11,32,20,1,0,0,0,9,8,1
1944,Company 1944,2026-01-04,9,3,12,15,3,3,15,10,1,0,0,0
1944,Company 1944,2026-01-11,32,6,104,129,33,67,45,28,2,3,3,0
1944,Company 1944,2026-01-18,41,2,277,279,9,263,68,43,23,3,3,0
1944,Company 1944,2026-01-25,37,22,19,47,36,0,28,20,5,11,7,2
1944,Company 1944,2026-02-01,64,0,0,55,40,3,59,46,8,11,11,0
1944,Company 1944,2026-02-08,18,0,0,70,4,65,11,6,2,2,2,0
1944,Company 1944,2026-02-15,30,7,17,25,11,14,18,13,3,0,0,0
1944,Company 1944,2026-02-22,13,4,150,154,9,144,12,8,4,0,0,0
1944,Company 1944,2026-03-01,74,6,238,244,40,201,119,79,40,4,4,0
1944,Company 1944,2026-03-08,122,1,256,258,140,118,435,123,312,0,0,0
1944,Company 1944,2026-03-15,60,3,78,85,51,31,63,53,10,5,5,0
1944,Company 1944,2026-03-22,100,3,152,155,98,45,126,82,44,1,1,0
1944,Company 1944,2026-03-29,58,3,140,143,95,47,67,53,14,2,2,0
1944,Company 1944,2026-04-05,40,2,30,32,21,11,79,22,57,0,0,0
1950,Company 1950,2025-09-14,2,0,1,1,0,1,2,1,0,0,0,0
1950,Company 1950,2025-09-28,3,1,0,1,1,0,3,3,0,0,0,0
1950,Company 1950,2025-10-12,1,1,0,1,1,0,1,1,0,0,0,0
1950,Company 1950,2025-10-19,1,1,0,1,1,0,1,1,0,0,0,0
1950,Company 1950,2025-10-26,1,0,0,0,0,0,1,1,0,0,0,0
1950,Company 1950,2025-11-02,9,7,2,9,7,1,5,5,0,0,0,0
1950,Company 1950,2025-11-09,8,7,1,8,7,1,0,0,0,0,0,0
1950,Company 1950,2025-11-16,7,7,0,7,7,0,0,0,0,0,0,0
1950,Company 1950,2025-11-23,2,2,0,2,2,0,0,0,0,0,0,0
1950,Company 1950,2025-11-30,2,2,0,2,2,0,0,0,0,0,0,0
1950,Company 1950,2025-12-07,2,2,0,2,2,0,0,0,0,0,0,0
1950,Company 1950,2025-12-21,6,6,0,6,6,0,0,0,0,0,0,0
1950,Company 1950,2026-01-04,1,1,0,1,1,0,0,0,0,0,0,0
1950,Company 1950,2026-01-11,2,2,0,2,2,0,0,0,0,0,0,0
1950,Company 1950,2026-02-08,5,0,0,5,1,4,0,0,0,0,0,0
1950,Company 1950,2026-02-15,1,0,1,1,0,1,0,0,0,0,0,0
1950,Company 1950,2026-02-22,1,0,1,1,0,1,0,0,0,0,0,0
1950,Company 1950,2026-03-01,10,5,5,10,5,5,0,0,0,0,0,0
1950,Company 1950,2026-03-08,8,6,2,8,6,2,0,0,0,0,0,0
1950,Company 1950,2026-03-15,5,5,0,5,5,0,0,0,0,0,0,0
1957,Company 1957,2025-07-06,4,2,2,4,2,1,0,0,0,0,0,0
1957,Company 1957,2025-07-13,3,3,0,3,3,0,0,0,0,0,0,0
1957,Company 1957,2025-07-20,3,3,0,3,3,0,0,0,0,0,0,0
1957,Company 1957,2025-09-14,3,3,0,3,3,0,3,3,0,0,0,0
1957,Company 1957,2025-10-26,1,0,0,0,0,0,1,0,0,0,0,0
1957,Company 1957,2026-01-11,13,0,11,11,8,3,20,14,6,0,0,0
1957,Company 1957,2026-01-18,8,0,163,163,1,162,19,9,10,0,0,0
1957,Company 1957,2026-01-25,8,0,8,8,8,0,11,9,2,0,0,0
1957,Company 1957,2026-02-01,3,0,0,3,3,0,6,4,2,0,0,0
1957,Company 1957,2026-02-08,21,0,0,15,15,0,11,6,4,2,2,0
1957,Company 1957,2026-02-15,36,6,134,140,21,114,21,16,5,7,7,0
1957,Company 1957,2026-02-22,17,5,28,33,10,22,30,9,20,6,6,0
1957,Company 1957,2026-03-01,16,2,6,8,6,2,11,9,1,5,4,0
1957,Company 1957,2026-03-08,8,3,5,8,6,2,2,2,0,4,4,0
1957,Company 1957,2026-03-15,24,3,12,15,12,3,28,17,11,3,3,0
1957,Company 1957,2026-03-22,17,2,15,17,13,4,13,11,1,3,3,0
1957,Company 1957,2026-03-29,35,3,33,36,21,11,30,23,4,4,4,0
1957,Company 1957,2026-04-05,16,2,23,25,18,7,21,15,5,2,2,0
1993,Company 1993,2025-06-15,5,0,0,2,2,0,3,3,0,0,0,0
1993,Company 1993,2025-06-22,2,0,0,1,1,0,1,1,0,0,0,0
1993,Company 1993,2025-06-29,3,3,0,3,2,0,3,3,0,0,0,0
1993,Company 1993,2025-07-06,3,3,0,3,3,0,3,3,0,0,0,0
1993,Company 1993,2025-07-13,3,3,0,3,3,0,3,3,0,0,0,0
1993,Company 1993,2025-07-20,1,1,0,1,1,0,1,1,0,0,0,0
1993,Company 1993,2025-07-27,1,1,0,1,1,0,1,1,0,0,0,0
1993,Company 1993,2025-08-10,4,3,0,3,3,0,4,3,0,0,0,0
1993,Company 1993,2025-08-17,8,10,0,10,9,1,12,11,0,0,0,0
1993,Company 1993,2025-08-24,2,8,0,8,8,0,10,8,2,0,0,0
2031,Company 2031,2025-08-31,1,0,0,0,0,0,1,0,1,0,0,0
2031,Company 2031,2025-10-05,1,1,0,1,1,0,1,1,0,0,0,0
2031,Company 2031,2025-10-12,13,12,0,12,12,0,14,14,0,0,0,0
2031,Company 2031,2025-10-19,4,4,0,4,4,0,4,4,0,0,0,0
2031,Company 2031,2025-10-26,22,11,1,12,11,1,22,16,3,0,0,0
2031,Company 2031,2025-11-02,14,9,4,13,9,4,13,12,1,0,0,0
2031,Company 2031,2025-11-09,3,2,0,2,2,0,3,3,0,0,0,0
2031,Company 2031,2025-11-16,4,4,0,4,4,0,4,4,0,0,0,0
2031,Company 2031,2025-11-23,6,3,0,3,3,0,6,5,0,0,0,0
2031,Company 2031,2025-11-30,3,3,0,3,3,0,3,3,0,0,0,0
2047,Company 2047,2025-07-20,1,0,0,0,0,0,1,0,0,0,0,0
2047,Company 2047,2025-07-27,1,0,0,0,0,0,1,0,0,0,0,0
2047,Company 2047,2026-03-08,2,2,0,2,2,0,0,0,0,0,0,0
2047,Company 2047,2026-03-15,10,10,0,10,10,0,0,0,0,0,0,0
2047,Company 2047,2026-03-22,1,1,0,1,1,0,0,0,0,0,0,0
2156,Company 2156,2025-08-10,9,9,0,9,9,0,0,0,0,0,0,0
2156,Company 2156,2025-08-17,7,5,2,7,5,2,0,0,0,0,0,0
2156,Company 2156,2025-10-19,2,2,0,2,2,0,0,0,0,0,0,0
2156,Company 2156,2025-10-26,6,5,1,6,4,0,0,0,0,0,0,0
2156,Company 2156,2025-11-09,2,2,0,2,2,0,0,0,0,0,0,0
2156,Company 2156,2025-11-16,9,9,0,9,9,0,0,0,0,0,0,0
2156,Company 2156,2025-11-23,1,1,0,1,1,0,0,0,0,0,0,0
2156,Company 2156,2025-11-30,6,5,1,6,5,0,0,0,0,0,0,0
2156,Company 2156,2025-12-07,1,1,0,1,1,0,0,0,0,0,0,0
2156,Company 2156,2025-12-14,1,1,0,1,1,0,0,0,0,0,0,0
2156,Company 2156,2026-01-11,10,10,0,10,10,0,0,0,0,0,0,0
2156,Company 2156,2026-01-18,14,14,0,14,14,0,0,0,0,0,0,0
2156,Company 2156,2026-01-25,11,10,0,11,11,0,0,0,0,0,0,0
2156,Company 2156,2026-02-01,11,0,0,11,11,0,0,0,0,0,0,0
2156,Company 2156,2026-02-08,6,0,0,6,6,0,0,0,0,0,0,0
2156,Company 2156,2026-02-15,21,16,2,21,21,0,0,0,0,0,0,0
2156,Company 2156,2026-02-22,28,28,0,28,28,0,0,0,0,0,0,0
2156,Company 2156,2026-03-01,10,9,1,10,10,0,0,0,0,0,0,0
2252,Company 2252,2025-06-22,3,0,0,3,3,0,3,3,0,0,0,0
2252,Company 2252,2025-08-10,3,3,0,3,3,0,3,3,0,0,0,0
2252,Company 2252,2025-08-17,3,5,0,5,5,0,3,2,1,0,0,0
2252,Company 2252,2025-08-24,2,2,0,2,2,0,0,0,0,0,0,0
2252,Company 2252,2025-09-07,7,4,2,6,4,2,1,1,0,0,0,0
2252,Company 2252,2025-09-14,4,3,0,3,3,0,2,1,1,0,0,0
2252,Company 2252,2025-10-05,8,7,0,7,7,0,6,2,4,0,0,0
2252,Company 2252,2026-03-08,3,3,0,3,3,0,0,0,0,0,0,0
2277,Company 2277,2025-06-08,2,0,0,2,2,0,0,0,0,0,0,0
2300,Company 2300,2025-06-08,1,0,0,0,0,0,1,0,0,0,0,0
2300,Company 2300,2025-06-22,2,0,0,1,1,0,1,1,0,0,0,0
2300,Company 2300,2025-07-13,6,4,2,6,4,2,0,0,0,0,0,0
2300,Company 2300,2025-07-20,1,1,0,1,0,1,0,0,0,0,0,0
2314,Company 2314,2025-09-21,27,0,0,0,0,0,27,2,2,0,0,0
2314,Company 2314,2025-09-28,21,0,0,0,0,0,21,1,1,0,0,0
2314,Company 2314,2025-10-05,2,0,0,0,0,0,2,1,0,0,0,0
2379,Company 2379,2025-06-15,6,0,0,3,3,0,3,3,0,0,0,0
2379,Company 2379,2025-06-22,10,0,0,4,3,0,8,5,0,0,0,0
2379,Company 2379,2025-06-29,2,1,0,1,1,0,2,1,0,0,0,0
2379,Company 2379,2025-07-06,9,5,0,5,5,0,10,6,4,0,0,0
2379,Company 2379,2025-07-13,1,1,0,1,1,0,1,1,0,0,0,0
2379,Company 2379,2025-07-20,8,4,0,4,4,0,12,8,4,0,0,0
2379,Company 2379,2025-07-27,20,0,0,0,0,0,23,17,5,0,0,0
2379,Company 2379,2025-08-03,15,0,0,0,0,0,23,20,3,0,0,0
2379,Company 2379,2025-08-10,9,0,0,0,0,0,10,9,1,0,0,0
2379,Company 2379,2025-08-17,1,0,0,0,0,0,1,1,0,0,0,0
2379,Company 2379,2025-08-24,5,0,0,0,0,0,5,5,0,0,0,0
2379,Company 2379,2025-08-31,11,0,0,0,0,0,11,9,2,0,0,0
2379,Company 2379,2025-09-14,9,0,0,0,0,0,9,7,2,0,0,0
2379,Company 2379,2025-09-21,2,0,0,0,0,0,2,2,0,0,0,0
2379,Company 2379,2025-10-05,1,0,0,0,0,0,1,1,0,0,0,0
2379,Company 2379,2025-10-12,6,0,0,0,0,0,6,5,0,0,0,0
2379,Company 2379,2025-10-19,2,0,0,0,0,0,2,2,0,0,0,0
2379,Company 2379,2025-11-02,4,0,0,0,0,0,4,3,1,0,0,0
2379,Company 2379,2026-02-08,2,0,0,0,0,0,2,2,0,0,0,0
2393,Company 2393,2025-08-10,10,9,0,9,9,0,10,9,0,0,0,0
2393,Company 2393,2025-08-17,1,1,0,1,1,0,1,1,0,0,0,0
2393,Company 2393,2025-08-31,1,1,0,1,1,0,1,1,0,0,0,0
2393,Company 2393,2025-09-14,10,7,2,9,8,1,10,9,1,2,2,0
2393,Company 2393,2025-09-21,12,8,1,9,7,1,12,9,0,7,7,0
2393,Company 2393,2025-09-28,5,3,0,3,3,0,5,3,1,3,3,0
2393,Company 2393,2025-10-05,2,2,0,2,2,0,2,2,0,2,1,0
2456,Company 2456,2025-11-30,1,1,0,1,1,0,0,0,0,1,1,0
2457,Company 2457,2025-07-13,1,0,0,0,0,0,1,1,0,0,0,0
2457,Company 2457,2025-07-20,20,0,0,0,0,0,20,19,0,0,0,0
2457,Company 2457,2025-07-27,1,0,0,0,0,0,1,1,0,0,0,0
2457,Company 2457,2025-08-10,1,0,0,0,0,0,1,1,0,0,0,0
2457,Company 2457,2025-08-17,1,0,0,0,0,0,1,1,0,0,0,0
2457,Company 2457,2025-08-24,2,0,0,0,0,0,2,1,0,0,0,0
2457,Company 2457,2025-08-31,2,0,0,0,0,0,2,2,0,0,0,0
2457,Company 2457,2025-09-14,1,0,0,0,0,0,1,1,0,0,0,0
2457,Company 2457,2025-11-02,1,0,0,0,0,0,1,1,0,0,0,0
2457,Company 2457,2025-11-23,5,0,0,0,0,0,5,1,0,0,0,0
2457,Company 2457,2025-11-30,13,0,0,0,0,0,13,11,0,0,0,0
2457,Company 2457,2025-12-07,2,0,0,0,0,0,2,1,1,0,0,0
2457,Company 2457,2025-12-28,1,0,0,0,0,0,1,1,0,0,0,0
2457,Company 2457,2026-02-01,1,0,0,1,1,0,1,1,0,0,0,0
2457,Company 2457,2026-02-08,7,0,0,28,4,24,9,7,2,0,0,0
2457,Company 2457,2026-02-22,4,0,0,0,0,0,4,2,1,0,0,0
2457,Company 2457,2026-03-01,1,0,0,0,0,0,1,1,0,0,0,0
2457,Company 2457,2026-03-22,1,0,0,0,0,0,1,1,0,0,0,0
2479,Company 2479,2025-08-24,3,0,0,0,0,0,3,0,0,0,0,0
2479,Company 2479,2025-08-31,1,0,0,0,0,0,1,1,0,0,0,0
2479,Company 2479,2025-10-19,17,10,7,17,10,4,0,0,0,0,0,0
2479,Company 2479,2025-10-26,73,59,14,73,59,2,0,0,0,28,25,3
2479,Company 2479,2025-11-02,96,82,16,98,84,4,0,0,0,81,79,2
2479,Company 2479,2025-11-09,94,27,67,94,54,29,0,0,0,27,27,0
2479,Company 2479,2025-11-16,106,44,62,106,84,10,0,0,0,44,44,0
2479,Company 2479,2025-11-23,207,133,74,207,147,13,0,0,0,135,135,0
2479,Company 2479,2025-11-30,286,154,132,286,198,34,0,0,0,189,189,0
2479,Company 2479,2025-12-07,230,128,102,230,178,19,0,0,0,177,175,0
2479,Company 2479,2025-12-14,200,135,65,200,145,24,0,0,0,145,145,0
2479,Company 2479,2025-12-21,320,234,85,319,250,17,0,0,0,250,243,1
2479,Company 2479,2025-12-28,202,143,59,202,158,7,0,0,0,157,147,1
2479,Company 2479,2026-01-04,344,196,148,344,276,32,0,0,0,271,252,1
2479,Company 2479,2026-01-11,387,178,208,386,293,35,0,0,0,294,270,0
2479,Company 2479,2026-01-18,586,402,183,585,476,45,0,0,0,470,463,0
2479,Company 2479,2026-01-25,280,106,72,280,213,30,0,0,0,206,201,0
2479,Company 2479,2026-02-01,1004,0,0,1004,764,96,0,0,0,762,749,0
2479,Company 2479,2026-02-08,1762,0,0,1763,1406,186,0,0,0,1395,1365,1
2479,Company 2479,2026-02-15,890,240,453,890,690,97,0,0,0,684,661,1
2479,Company 2479,2026-02-22,614,345,252,597,483,62,17,10,5,474,456,0
2479,Company 2479,2026-03-01,373,233,139,372,290,51,1,0,1,291,288,0
2479,Company 2479,2026-03-08,1311,892,418,1310,900,365,2,0,2,6,6,0
2479,Company 2479,2026-03-15,1549,988,558,1546,1001,439,19,14,5,0,0,0
2479,Company 2479,2026-03-22,1415,818,595,1413,928,382,2,0,2,0,0,0
2479,Company 2479,2026-03-29,1412,724,686,1410,947,367,62,39,23,0,0,0
2479,Company 2479,2026-04-05,1081,545,531,1076,710,311,30,18,12,0,0,0
2479,Company 2479,2026-04-12,5,2,3,5,4,1,0,0,0,0,0,0
2481,Company 2481,2025-07-27,1,0,0,0,0,0,1,0,0,0,0,0
2481,Company 2481,2025-08-03,2,1,0,1,1,0,2,2,0,0,0,0
258,Company 258,2025-08-24,6,0,0,0,0,0,6,6,0,0,0,0
258,Company 258,2025-10-19,4,0,0,0,0,0,4,3,0,0,0,0
2601,Company 2601,2025-11-23,1,1,0,1,1,0,1,1,0,1,1,0
2601,Company 2601,2025-12-21,1,1,0,1,1,0,1,1,0,0,0,0
2601,Company 2601,2025-12-28,1,1,0,1,1,0,1,1,0,0,0,0
2601,Company 2601,2026-01-11,1,1,0,1,1,0,1,1,0,0,0,0
2601,Company 2601,2026-01-25,1,0,0,0,0,0,1,0,0,0,0,0
2601,Company 2601,2026-02-01,2,0,0,1,1,0,2,1,0,0,0,0
2601,Company 2601,2026-02-15,1,1,0,1,1,0,1,1,0,1,1,0
2601,Company 2601,2026-03-01,1,0,0,0,0,0,1,1,0,0,0,0
2625,Company 2625,2025-08-24,2,2,0,2,2,0,2,2,0,0,0,0
2625,Company 2625,2025-12-28,12,1,0,1,1,0,12,1,11,0,0,0
2625,Company 2625,2026-01-04,6,5,0,5,5,0,6,5,0,0,0,0
2625,Company 2625,2026-01-11,6,6,0,6,5,0,6,6,0,0,0,0
2625,Company 2625,2026-01-18,4,3,0,3,3,0,13,13,0,0,0,0
2625,Company 2625,2026-01-25,13,10,0,13,13,0,29,29,0,9,9,0
2625,Company 2625,2026-02-01,1,0,0,0,0,0,2,2,0,0,0,0
2625,Company 2625,2026-02-08,19,0,0,18,18,0,31,31,0,18,17,0
2625,Company 2625,2026-02-15,2,1,0,1,1,0,2,1,0,1,1,0
2625,Company 2625,2026-03-01,30,1,64,65,17,48,22,21,1,8,8,0
2625,Company 2625,2026-03-08,4,1,3,4,3,0,1,1,0,3,2,0
2625,Company 2625,2026-03-15,13,0,19,19,11,8,13,12,1,1,1,0
2625,Company 2625,2026-03-29,16,0,19,19,16,3,19,14,5,0,0,0
2625,Company 2625,2026-04-05,23,0,29,29,21,8,26,22,4,0,0,0
2655,Company 2655,2025-09-14,6,6,0,6,5,1,6,6,0,0,0,0
2655,Company 2655,2025-09-21,1,1,0,1,0,1,1,1,0,0,0,0
2655,Company 2655,2025-11-23,6,5,0,5,5,0,6,5,0,0,0,0
2655,Company 2655,2025-11-30,1,1,0,1,1,0,1,1,0,0,0,0
2655,Company 2655,2025-12-21,1,1,0,1,1,0,0,0,0,1,1,0
2655,Company 2655,2025-12-28,2,2,0,2,2,0,0,0,0,2,2,0
2655,Company 2655,2026-01-04,1,1,0,1,1,0,0,0,0,1,1,0
2655,Company 2655,2026-02-01,2,0,0,2,2,0,0,0,0,2,2,0
2655,Company 2655,2026-02-08,6,0,0,6,6,0,0,0,0,6,6,0
2655,Company 2655,2026-02-15,10,7,1,10,9,1,0,0,0,8,7,0
2655,Company 2655,2026-02-22,1,1,0,1,1,0,0,0,0,1,1,0
2655,Company 2655,2026-03-08,8,4,4,8,5,0,0,0,0,5,4,0
2655,Company 2655,2026-03-15,2,1,1,2,2,0,0,0,0,2,2,0
2655,Company 2655,2026-03-22,10,10,0,10,10,0,0,0,0,10,9,0
2655,Company 2655,2026-03-29,12,10,2,12,11,0,0,0,0,11,9,0
2668,Company 2668,2025-09-14,1,0,0,0,0,0,1,1,0,0,0,0
2677,Company 2677,2025-09-14,7,5,0,5,5,0,7,5,2,0,0,0
2683,Company 2683,2026-03-29,4,3,1,4,2,1,4,4,0,2,2,0
2729,Company 2729,2025-11-23,1,0,1,1,1,0,0,0,0,0,0,0
2729,Company 2729,2025-11-30,4,2,0,2,2,0,2,2,0,2,2,0
2729,Company 2729,2025-12-07,2,0,0,0,0,0,3,1,0,0,0,0
2729,Company 2729,2025-12-14,12,7,0,7,6,0,6,5,0,6,6,0
2729,Company 2729,2025-12-21,16,7,0,7,7,0,10,10,0,5,5,0
2729,Company 2729,2025-12-28,5,0,0,0,0,0,5,5,0,0,0,0
2729,Company 2729,2026-01-04,18,10,0,10,10,0,8,8,0,10,6,0
2729,Company 2729,2026-01-11,8,4,0,4,4,0,4,4,0,4,4,0
2729,Company 2729,2026-01-18,26,12,1,13,8,0,13,10,1,6,5,0
2729,Company 2729,2026-01-25,47,1,17,19,17,2,28,20,0,17,16,0
2729,Company 2729,2026-02-01,38,0,0,19,16,1,19,18,0,16,12,0
2729,Company 2729,2026-02-08,31,0,0,14,14,0,17,17,0,14,11,0
2729,Company 2729,2026-02-15,14,5,1,6,5,1,8,8,0,0,0,0
2729,Company 2729,2026-02-22,37,9,0,9,9,0,28,11,14,4,4,0
2729,Company 2729,2026-03-01,62,13,4,17,16,1,45,44,1,14,13,0
2729,Company 2729,2026-03-08,43,13,5,18,17,1,25,25,0,13,12,0
2729,Company 2729,2026-03-15,82,36,4,40,40,0,42,37,2,36,34,0
2729,Company 2729,2026-03-22,53,24,5,29,28,0,24,24,0,27,25,0
2729,Company 2729,2026-03-29,8,2,2,4,3,0,4,4,0,2,2,0
2729,Company 2729,2026-04-05,5,3,1,4,4,0,1,1,0,4,3,0
2750,Company 2750,2025-12-07,3,0,2,2,0,0,3,2,1,0,0,0
2750,Company 2750,2025-12-14,3,0,2,2,0,0,3,2,1,0,0,0
2750,Company 2750,2025-12-28,2,2,0,2,2,0,2,2,0,0,0,0
2750,Company 2750,2026-01-04,1,1,0,1,1,0,1,1,0,0,0,0
3011,Company 3011,2026-03-29,6,4,0,4,2,0,6,6,0,2,2,0
316,Company 316,2025-06-29,2,2,0,2,2,0,2,2,0,0,0,0
322,Company 322,2025-06-15,1,0,0,0,0,0,1,0,0,0,0,0
322,Company 322,2025-08-03,10,8,1,9,8,0,9,8,0,0,0,0
322,Company 322,2025-08-10,4,4,0,4,4,0,4,4,0,0,0,0
322,Company 322,2025-09-07,5,2,0,2,2,0,5,3,1,0,0,0
322,Company 322,2025-09-28,5,4,0,4,3,0,4,3,1,0,0,0
331,Company 331,2025-06-29,1,2,0,2,2,0,2,2,0,0,0,0
331,Company 331,2025-12-14,6,0,0,0,0,0,0,0,0,6,6,0
331,Company 331,2025-12-21,3,2,0,2,2,0,0,0,0,3,3,0
331,Company 331,2025-12-28,16,0,5,5,5,0,0,0,0,16,16,0
331,Company 331,2026-01-04,8,1,8,9,1,8,0,0,0,7,7,0
331,Company 331,2026-01-18,1,0,2,2,0,2,0,0,0,0,0,0
331,Company 331,2026-01-25,9,2,1,5,5,0,0,0,0,6,6,0
331,Company 331,2026-02-22,10,0,4,4,3,0,10,8,2,0,0,0
331,Company 331,2026-03-15,7,0,6,6,5,1,6,6,0,0,0,0
331,Company 331,2026-03-22,2,0,3,3,1,2,3,2,1,0,0,0
331,Company 331,2026-03-29,6,1,7,8,4,4,3,3,0,0,0,0
331,Company 331,2026-04-05,3,0,2,2,1,1,2,1,1,0,0,0
337,Company 337,2025-05-11,898,0,0,726,688,33,902,751,121,0,0,0
337,Company 337,2025-05-18,1444,0,0,1196,1118,50,1468,1225,173,0,0,0
337,Company 337,2025-05-25,1222,0,0,948,903,27,1228,963,137,0,0,0
337,Company 337,2025-06-01,1279,0,0,901,855,30,1280,914,135,0,0,0
337,Company 337,2025-06-08,1100,0,0,807,750,11,1103,892,75,0,0,0
337,Company 337,2025-06-15,1396,0,0,1054,985,1,1400,1209,91,0,0,0
337,Company 337,2025-06-22,1151,286,19,852,771,12,1152,935,165,0,0,0
337,Company 337,2025-06-29,1360,969,123,1092,971,75,1367,1106,135,0,0,0
337,Company 337,2025-07-06,1002,836,73,909,837,53,997,917,23,0,0,0
337,Company 337,2025-07-13,1007,817,53,870,828,16,1013,871,35,0,0,0
337,Company 337,2025-07-20,1061,889,79,968,920,15,1065,974,17,0,0,0
337,Company 337,2025-07-27,1194,998,74,1072,1018,27,1201,1068,26,0,0,0
337,Company 337,2025-08-03,1081,909,60,969,929,13,1088,986,13,0,0,0
337,Company 337,2025-08-10,1015,789,99,888,814,39,1014,924,15,0,0,0
337,Company 337,2025-08-17,1263,951,122,1073,1016,31,1263,1137,21,0,0,0
337,Company 337,2025-08-24,1266,824,108,932,885,24,1266,974,20,0,0,0
337,Company 337,2025-08-31,1390,1002,148,1150,1069,50,1389,1226,32,0,0,0
337,Company 337,2025-09-07,1233,922,147,1069,1023,17,1232,1123,20,0,0,0
337,Company 337,2025-09-14,1258,926,179,1105,1034,39,1254,1157,26,674,672,0
337,Company 337,2025-09-21,1137,891,109,1000,950,21,1138,1054,14,945,945,0
337,Company 337,2025-09-28,978,768,103,871,834,23,976,901,20,831,830,0
337,Company 337,2025-10-05,1433,1056,148,1204,1135,25,1431,1283,37,1111,1111,0
337,Company 337,2025-10-12,945,721,94,815,779,14,941,869,16,774,774,0
337,Company 337,2025-10-19,1188,916,112,1028,977,27,1185,1094,24,973,971,0
337,Company 337,2025-10-26,1252,938,122,1060,990,48,1250,1141,28,984,980,0
337,Company 337,2025-11-02,1090,798,103,901,847,30,1094,983,18,845,845,0
337,Company 337,2025-11-09,1206,937,111,1048,1008,25,1205,1111,21,1005,1005,0
337,Company 337,2025-11-16,1501,1149,147,1296,1249,24,1503,1366,17,1237,1234,0
337,Company 337,2025-11-23,1397,1094,132,1226,1172,28,1390,1273,27,1158,1158,0
337,Company 337,2025-11-30,1495,1161,164,1325,1273,33,1490,1372,23,1262,1262,0
337,Company 337,2025-12-07,1424,1290,95,1385,1321,21,455,421,9,393,393,0
337,Company 337,2025-12-14,1218,1155,69,1224,1171,31,0,0,0,0,0,0
337,Company 337,2025-12-21,1242,1088,159,1247,1154,61,2,2,0,0,0,0
337,Company 337,2025-12-28,1090,947,143,1090,995,51,3,3,0,0,0,0
337,Company 337,2026-01-04,1288,980,312,1292,1068,191,1,0,0,0,0,0
337,Company 337,2026-01-11,1243,919,325,1244,1009,201,0,0,0,0,0,0
337,Company 337,2026-01-18,1234,886,355,1241,985,215,0,0,0,0,0,0
337,Company 337,2026-01-25,1370,531,233,1374,1120,227,0,0,0,0,0,0
337,Company 337,2026-02-01,1243,0,0,1255,1006,215,0,0,0,0,0,0
337,Company 337,2026-02-08,1238,0,0,1242,1039,161,0,0,0,0,0,0
337,Company 337,2026-02-15,1188,732,307,1190,945,207,0,0,0,0,0,0
337,Company 337,2026-02-22,1167,849,322,1171,969,160,0,0,0,0,0,0
337,Company 337,2026-03-01,1240,924,317,1241,1061,140,0,0,0,0,0,0
337,Company 337,2026-03-08,1428,1061,367,1428,1186,206,0,0,0,0,0,0
337,Company 337,2026-03-15,1513,1150,368,1518,1217,74,0,0,0,0,0,0
337,Company 337,2026-03-22,1613,1257,357,1614,1289,53,0,0,0,0,0,0
337,Company 337,2026-03-29,1561,1160,402,1562,1363,179,0,0,0,0,0,0
337,Company 337,2026-04-05,1770,1360,411,1771,1573,168,0,0,0,0,0,0
337,Company 337,2026-04-12,57,37,20,57,44,10,0,0,0,0,0,0
361,Company 361,2025-05-11,1,0,0,0,0,0,1,0,1,0,0,0
361,Company 361,2025-06-01,25,0,0,25,25,0,0,0,0,0,0,0
361,Company 361,2025-06-08,15,0,0,15,15,0,0,0,0,0,0,0
361,Company 361,2025-06-15,30,0,0,30,30,0,0,0,0,0,0,0
361,Company 361,2025-06-22,37,13,0,37,37,0,0,0,0,0,0,0
361,Company 361,2025-06-29,23,22,1,23,22,0,0,0,0,0,0,0
361,Company 361,2025-07-06,7,7,0,7,7,0,0,0,0,0,0,0
361,Company 361,2025-07-13,4,4,0,4,4,0,0,0,0,0,0,0
361,Company 361,2025-07-27,1,1,0,1,1,0,0,0,0,0,0,0
361,Company 361,2025-08-03,4,4,0,4,4,0,0,0,0,0,0,0
361,Company 361,2025-08-10,3,3,0,3,3,0,0,0,0,0,0,0
361,Company 361,2025-08-24,1,1,0,1,1,0,0,0,0,0,0,0
361,Company 361,2025-08-31,4,4,0,4,4,0,0,0,0,0,0,0
361,Company 361,2025-09-07,1,1,0,1,1,0,0,0,0,0,0,0
362,Company 362,2025-06-15,1213,0,0,1213,1124,4,0,0,0,0,0,0
362,Company 362,2025-06-22,3114,955,71,3114,2898,7,0,0,0,0,0,0
362,Company 362,2025-06-29,2940,2630,310,2940,2630,177,0,0,0,0,0,0
362,Company 362,2025-07-06,1532,1410,122,1532,1410,104,0,0,0,0,0,0
362,Company 362,2025-07-13,2327,2152,176,2328,2152,151,0,0,0,0,0,0
362,Company 362,2025-07-20,3310,3095,215,3310,3094,183,0,0,0,0,0,0
362,Company 362,2025-07-27,4130,3825,306,4131,3824,265,0,0,0,0,0,0
362,Company 362,2025-08-03,1959,1807,152,1959,1807,133,0,0,0,0,0,0
362,Company 362,2025-08-10,1705,1620,85,1705,1620,64,0,0,0,0,0,0
362,Company 362,2025-08-17,2596,2447,149,2596,2447,123,0,0,0,0,0,0
362,Company 362,2025-08-24,3821,3511,310,3821,3510,221,0,0,0,0,0,0
362,Company 362,2025-08-31,4030,3539,494,4033,3548,391,0,0,0,0,0,0
362,Company 362,2025-09-07,1255,1212,43,1255,1212,23,0,0,0,0,0,0
362,Company 362,2025-09-14,2370,2300,70,2370,2300,32,0,0,0,0,0,0
362,Company 362,2025-09-21,2434,2344,90,2434,2339,48,0,0,0,0,0,0
362,Company 362,2025-09-28,2762,2675,87,2762,2672,39,0,0,0,0,0,0
362,Company 362,2025-10-05,1220,1167,53,1220,1167,25,0,0,0,0,0,0
362,Company 362,2025-10-12,1017,988,29,1017,988,14,0,0,0,0,0,0
362,Company 362,2025-10-19,1462,1417,45,1462,1416,25,0,0,0,0,0,0
362,Company 362,2025-10-26,1671,1619,52,1671,1619,17,0,0,0,0,0,0
362,Company 362,2025-11-02,1821,1779,44,1823,1779,25,0,0,0,0,0,0
362,Company 362,2025-11-09,913,893,20,913,893,11,0,0,0,0,0,0
362,Company 362,2025-11-16,1875,1180,16,1196,1180,6,680,504,146,0,0,0
362,Company 362,2025-11-23,2285,919,27,946,919,11,1339,667,633,0,0,0
362,Company 362,2025-11-30,1803,743,8,751,743,2,1052,551,487,0,0,0
362,Company 362,2025-12-07,979,428,5,433,428,2,546,335,202,0,0,0
362,Company 362,2025-12-14,1476,648,19,667,647,4,809,475,324,0,0,0
362,Company 362,2025-12-21,1044,481,9,490,480,4,554,391,148,0,0,0
362,Company 362,2025-12-28,901,361,36,397,361,24,504,273,168,0,0,0
362,Company 362,2026-01-04,763,349,16,365,349,11,398,277,106,0,0,0
362,Company 362,2026-01-11,3682,1593,146,1739,1593,118,1943,1178,751,0,0,0
362,Company 362,2026-01-18,4626,2047,203,2250,2047,169,2376,1836,494,0,0,0
362,Company 362,2026-01-25,5415,1562,155,2728,2467,228,2687,2141,459,0,0,0
362,Company 362,2026-02-01,3716,0,0,1871,1642,189,1846,1451,309,0,0,0
362,Company 362,2026-02-08,2185,0,0,1107,996,102,1078,883,185,0,0,0
362,Company 362,2026-02-15,3439,1297,137,1655,1567,69,1784,1495,229,0,0,0
362,Company 362,2026-02-22,4864,2081,259,2340,2226,66,2524,2007,402,0,0,0
362,Company 362,2026-03-01,4997,2474,244,2718,2613,71,2480,1752,178,0,0,0
362,Company 362,2026-03-08,2637,1333,113,1446,1386,48,1191,989,162,0,0,0
362,Company 362,2026-03-15,3773,1897,162,2059,1981,50,1714,1371,286,0,0,0
362,Company 362,2026-03-22,3967,1996,172,2168,2105,37,1799,1489,284,0,0,0
362,Company 362,2026-03-29,3530,1785,151,1936,1879,45,1594,1229,356,0,0,0
362,Company 362,2026-04-05,1189,605,51,656,637,6,533,462,65,0,0,0
3640,Company 3640,2026-03-08,10,6,4,10,7,3,0,0,0,7,7,0
3640,Company 3640,2026-03-15,7,5,2,7,6,1,0,0,0,6,6,0
3640,Company 3640,2026-03-22,2,0,2,2,2,0,0,0,0,2,2,0
3924,Company 3924,2026-03-22,1,0,0,0,0,0,1,1,0,0,0,0
3976,Company 3976,2026-04-05,3,0,0,0,0,0,3,3,0,0,0,0
405,Company 405,2025-11-23,1,1,0,1,1,0,0,0,0,0,0,0
4178,Company 4178,2026-03-22,1,1,0,1,1,0,0,0,0,0,0,0
4178,Company 4178,2026-03-29,5,5,0,5,5,0,0,0,0,0,0,0
4178,Company 4178,2026-04-05,9,10,6,16,12,2,6,4,1,3,3,0
4237,Company 4237,2026-03-22,4,0,5,5,4,1,4,4,0,0,0,0
424,Company 424,2025-07-06,7,2,0,2,2,0,7,2,1,0,0,0
424,Company 424,2025-10-26,1,1,0,1,1,0,1,1,0,0,0,0
424,Company 424,2026-02-15,2,0,1,1,0,0,2,2,0,0,0,0
438,Company 438,2025-09-14,7,6,0,6,3,3,7,6,1,0,0,0
438,Company 438,2025-09-21,1,0,0,0,0,0,1,0,0,0,0,0
438,Company 438,2025-09-28,16,9,0,9,9,0,16,11,1,0,0,0
438,Company 438,2025-10-05,2,1,0,1,1,0,2,1,0,0,0,0
438,Company 438,2025-10-12,66,35,3,38,35,3,66,50,10,0,0,0
438,Company 438,2025-10-19,186,83,14,97,83,8,186,136,12,36,36,0
438,Company 438,2025-10-26,228,105,3,108,105,0,228,148,5,105,104,0
438,Company 438,2025-11-02,156,65,9,74,66,2,155,102,1,66,66,0
438,Company 438,2025-11-09,132,59,3,62,59,2,132,81,1,59,59,0
438,Company 438,2025-11-16,200,88,10,98,89,3,200,137,2,90,90,0
438,Company 438,2025-11-23,362,169,16,185,171,4,358,258,5,169,169,0
438,Company 438,2025-11-30,350,155,10,165,154,4,350,238,5,154,153,0
438,Company 438,2025-12-07,65,32,2,34,33,0,65,46,0,33,33,0
438,Company 438,2025-12-14,63,32,3,35,33,0,63,45,0,33,33,0
438,Company 438,2025-12-21,73,40,4,44,41,1,73,58,2,41,41,0
438,Company 438,2025-12-28,20,10,0,10,10,0,20,12,0,10,10,0
438,Company 438,2026-01-04,38,27,3,30,28,1,38,33,0,28,28,0
438,Company 438,2026-01-11,32,16,3,19,18,0,32,26,1,17,17,0
438,Company 438,2026-01-18,6,4,0,4,4,0,6,5,0,4,4,0
438,Company 438,2026-01-25,19,9,0,11,11,0,19,14,0,11,11,0
438,Company 438,2026-02-01,17,0,0,7,7,0,17,11,0,7,7,0
438,Company 438,2026-02-08,14,0,0,5,4,0,14,8,0,4,3,0
438,Company 438,2026-02-15,5,2,0,4,4,0,5,4,0,4,3,0
438,Company 438,2026-02-22,6,3,1,4,3,1,6,4,1,3,3,0
438,Company 438,2026-03-01,11,4,0,4,4,0,11,6,0,4,4,0
438,Company 438,2026-03-08,3,0,0,0,0,0,3,1,0,0,0,0
438,Company 438,2026-03-15,10,4,0,4,4,0,9,4,0,4,4,0
438,Company 438,2026-03-22,12,5,0,5,5,0,12,6,0,5,5,0
438,Company 438,2026-03-29,6,0,2,2,0,2,6,3,0,0,0,0
438,Company 438,2026-04-05,25,12,2,14,14,0,25,15,0,14,14,0
452,Company 452,2026-01-11,7,6,1,7,6,1,0,0,0,0,0,0
452,Company 452,2026-01-18,1,1,0,1,1,0,0,0,0,0,0,0
452,Company 452,2026-01-25,1,1,0,1,1,0,0,0,0,0,0,0
452,Company 452,2026-02-01,1,0,0,0,0,0,1,0,1,0,0,0
452,Company 452,2026-02-08,12,0,0,12,12,0,0,0,0,11,11,0
452,Company 452,2026-02-15,12,8,3,12,11,1,0,0,0,11,11,0
452,Company 452,2026-02-22,20,11,9,20,19,0,0,0,0,19,18,0
452,Company 452,2026-03-01,29,23,6,29,28,1,0,0,0,28,28,0
452,Company 452,2026-03-08,24,23,1,24,23,1,0,0,0,23,23,0
452,Company 452,2026-03-15,7,7,0,7,7,0,0,0,0,7,7,0
452,Company 452,2026-03-29,3,1,2,3,3,0,0,0,0,3,3,0
452,Company 452,2026-04-05,1,1,0,1,1,0,0,0,0,1,1,0
5,Company 5,2025-12-21,1,0,0,0,0,0,1,0,1,0,0,0
5,Company 5,2026-01-25,1,2,0,2,2,0,0,0,0,0,0,0
5,Company 5,2026-02-08,3,0,0,3,2,1,0,0,0,0,0,0
54,Company 54,2025-05-11,1393,0,0,1208,1157,28,1379,1259,107,0,0,0
54,Company 54,2025-05-18,1191,0,0,1027,990,26,1181,1064,107,0,0,0
54,Company 54,2025-05-25,1332,0,0,1152,1101,26,1329,1178,85,0,0,0
54,Company 54,2025-06-01,1435,0,0,1288,1237,30,1434,1329,74,0,0,0
54,Company 54,2025-06-08,1293,0,0,1075,1036,5,1283,1209,46,0,0,0
54,Company 54,2025-06-15,1160,0,0,967,935,7,1159,1099,35,0,0,0
54,Company 54,2025-06-22,1226,451,12,1032,1011,1,1227,1159,36,0,0,0
54,Company 54,2025-06-29,1336,1001,71,1072,1003,23,1333,1129,164,0,0,0
54,Company 54,2025-07-06,1285,1164,54,1218,1164,22,1283,1241,13,0,0,0
54,Company 54,2025-07-13,1212,1059,40,1099,1058,19,1209,1120,9,0,0,0
54,Company 54,2025-07-20,1273,1178,41,1219,1175,19,1270,1239,12,0,0,0
54,Company 54,2025-07-27,1022,939,30,969,937,17,1018,999,11,0,0,0
54,Company 54,2025-08-03,1219,1115,29,1144,1110,23,1217,1169,8,0,0,0
54,Company 54,2025-08-10,1215,1047,48,1095,1052,26,1211,1165,5,0,0,0
54,Company 54,2025-08-17,1391,1226,45,1271,1244,19,1388,1349,13,0,0,0
54,Company 54,2025-08-24,1249,1088,40,1128,1097,27,1243,1201,7,0,0,0
54,Company 54,2025-08-31,1540,1329,56,1385,1345,31,1538,1456,9,0,0,0
54,Company 54,2025-09-07,1438,1200,71,1271,1226,28,1436,1383,10,25,25,0
54,Company 54,2025-09-14,1625,1429,57,1486,1443,26,1615,1565,10,1385,1385,0
54,Company 54,2025-09-21,1504,1298,52,1350,1318,18,1501,1448,10,1301,1301,0
54,Company 54,2025-09-28,1662,1472,52,1524,1486,14,1657,1615,10,1480,1479,0
54,Company 54,2025-10-05,1699,1470,52,1522,1457,17,1698,1632,10,1432,1430,0
54,Company 54,2025-10-12,1822,1576,76,1652,1632,12,1820,1780,5,1614,1614,0
54,Company 54,2025-10-19,1653,1477,53,1530,1506,15,1650,1610,9,1488,1485,0
54,Company 54,2025-10-26,1662,1401,109,1510,1487,16,1659,1595,31,1454,1454,0
54,Company 54,2025-11-02,1975,1543,251,1794,1703,70,1964,1882,48,1696,1695,0
54,Company 54,2025-11-09,2662,2175,351,2526,2456,64,2649,2583,47,2428,2426,0
54,Company 54,2025-11-16,2835,2220,371,2591,2505,54,2829,2685,48,2492,2491,0
54,Company 54,2025-11-23,2552,2035,326,2361,2287,50,2546,2422,71,2272,2272,0
54,Company 54,2025-11-30,3389,2789,403,3192,3113,69,3375,3252,91,3099,3087,0
54,Company 54,2025-12-07,2436,2004,319,2323,2265,52,2421,2368,39,2258,2251,0
54,Company 54,2025-12-14,2475,2034,286,2320,2266,48,2468,2382,46,2248,2240,0
54,Company 54,2025-12-21,2240,1640,370,2010,1845,108,2235,2104,48,1831,1827,0
54,Company 54,2025-12-28,2552,1984,363,2347,2193,56,2547,2396,41,2184,2184,0
54,Company 54,2026-01-04,1206,971,133,1104,1065,38,1199,1126,59,1052,1051,0
54,Company 54,2026-01-11,1562,1173,210,1383,1307,72,1549,1427,105,1293,1288,0
54,Company 54,2026-01-18,1439,1162,170,1332,1275,55,1432,1363,47,1249,1248,0
54,Company 54,2026-01-25,1393,506,144,1288,1218,65,1392,1317,55,1200,1200,0
54,Company 54,2026-02-01,1313,0,0,1210,1157,40,1309,1237,45,1133,1133,0
54,Company 54,2026-02-08,1380,0,0,1274,1208,60,1372,1297,56,1185,1184,0
54,Company 54,2026-02-15,1489,941,317,1393,1323,50,1486,1418,34,1296,1295,0
54,Company 54,2026-02-22,1388,941,324,1265,1199,52,1387,1288,40,1182,1170,0
54,Company 54,2026-03-01,1193,822,289,1111,1043,64,1185,1137,25,1023,1023,0
54,Company 54,2026-03-08,1570,1101,377,1478,1347,113,1567,1507,43,1325,1324,0
54,Company 54,2026-03-15,1123,757,275,1032,960,68,1121,1057,45,946,946,0
54,Company 54,2026-03-22,1056,715,254,969,905,55,1051,983,53,896,895,0
54,Company 54,2026-03-29,1706,1232,345,1577,1516,52,1697,1611,63,1491,1490,0
54,Company 54,2026-04-05,1700,1258,357,1615,1552,55,1693,1636,43,1523,1523,0
54,Company 54,2026-04-12,26,17,7,24,23,1,26,24,1,23,23,0
692,Company 692,2025-06-29,572,271,24,295,271,5,302,236,46,0,0,0
692,Company 692,2025-07-06,509,324,16,340,321,7,459,334,32,0,0,0
692,Company 692,2025-07-13,621,353,38,391,353,3,621,389,0,0,0,0
692,Company 692,2025-07-20,858,546,22,568,546,0,859,577,0,0,0,0
692,Company 692,2025-07-27,677,430,35,465,430,6,676,479,29,0,0,0
692,Company 692,2025-08-03,685,477,46,523,475,18,683,553,48,0,0,0
692,Company 692,2025-08-10,737,490,31,521,489,11,737,546,58,0,0,0
692,Company 692,2025-08-17,1011,653,47,700,653,12,1003,744,73,0,0,0
692,Company 692,2025-08-24,883,576,58,634,574,25,880,664,84,0,0,0
692,Company 692,2025-08-31,970,614,58,672,615,22,970,695,95,0,0,0
692,Company 692,2025-09-07,861,379,34,413,380,12,855,607,78,0,0,0
692,Company 692,2025-09-14,641,390,34,424,394,26,637,513,31,0,0,0
692,Company 692,2025-09-21,670,345,51,396,353,28,662,476,57,0,0,0
692,Company 692,2025-09-28,652,340,49,389,349,23,652,460,62,0,0,0
692,Company 692,2025-10-05,690,362,47,409,383,10,687,511,61,0,0,0
692,Company 692,2025-10-12,544,300,31,331,310,8,543,417,40,0,0,0
692,Company 692,2025-10-19,667,354,39,393,368,12,665,499,48,0,0,0
692,Company 692,2025-10-26,830,434,37,471,439,12,828,587,91,0,0,0
692,Company 692,2025-11-02,817,401,61,462,413,21,813,572,99,0,0,0
692,Company 692,2025-11-09,513,292,24,316,297,12,516,388,41,0,0,0
692,Company 692,2025-11-16,601,316,39,355,324,11,597,416,31,0,0,0
692,Company 692,2025-11-23,709,345,48,393,350,25,706,491,61,0,0,0
692,Company 692,2025-11-30,641,383,33,416,384,19,639,476,66,0,0,0
692,Company 692,2025-12-07,641,345,38,383,354,11,640,462,50,0,0,0
692,Company 692,2025-12-14,629,340,43,383,357,14,629,457,75,0,0,0
692,Company 692,2025-12-21,596,330,37,367,341,13,594,447,43,0,0,0
692,Company 692,2025-12-28,470,291,13,304,291,7,469,354,41,0,0,0
692,Company 692,2026-01-04,526,329,17,346,334,6,526,377,51,0,0,0
692,Company 692,2026-01-11,712,406,19,425,406,14,711,489,114,0,0,0
692,Company 692,2026-01-18,775,426,35,461,427,19,774,519,100,0,0,0
692,Company 692,2026-01-25,837,277,22,532,509,18,837,607,91,0,0,0
692,Company 692,2026-02-01,1272,0,0,892,849,32,1269,971,110,0,0,0
692,Company 692,2026-02-08,878,0,0,560,531,21,877,622,108,0,0,0
692,Company 692,2026-02-15,620,299,30,394,361,22,620,435,64,0,0,0
692,Company 692,2026-02-22,297,155,17,172,155,10,297,203,20,0,0,0
692,Company 692,2026-03-01,368,227,31,258,230,24,368,292,24,0,0,0
692,Company 692,2026-03-08,359,215,19,234,216,17,359,269,41,0,0,0
692,Company 692,2026-03-15,334,187,19,206,189,13,334,232,43,0,0,0
692,Company 692,2026-03-22,388,224,24,248,227,16,387,275,47,0,0,0
692,Company 692,2026-03-29,369,164,15,179,167,5,369,200,20,0,0,0
692,Company 692,2026-04-05,468,163,20,183,163,0,468,212,0,0,0,0
692,Company 692,2026-04-12,7,2,0,2,2,0,6,2,0,0,0,0
