installation_id,userId,userType,installedByUserId,mapping_user_id,appId,app_name,installed_at,installed_date,week_end_sunday,updatedAt
01K8HHKXAPV2TQYTR6P006B7P6,593982835748,USER,NULL,593982835748,01K8C7NBTZZQP3A0VWVZBM1RZ5,Gmail,"2025-10-27 00:38:15",2025-10-27,2025-11-02,"2025-10-27 00:38:15"
01K8KKZ761B3T471V43HJEH5H3,593959132167,USER,NULL,593959132167,01K8HTG5B6DS15XQ67J3ZA1Q9J,"Google Calendar","2025-10-27 19:57:51",2025-10-27,2025-11-02,"2025-10-27 19:57:51"
01K8RC8V1MZ4X9738RRHW0PSPC,test-user-123,USER,NULL,test-user-123,01K8NMAY6TJ06AKN2WZP2Y6140,Hubspot,"2025-10-29 16:19:30",2025-10-29,2025-11-02,"2025-10-29 16:19:30"
01K8RD74MZY4YTX0893TDZW2NW,test-user-789,USER,NULL,test-user-789,01K8NMAY6TJ06AKN2WZP2Y6140,Hubspot,"2025-10-29 16:36:03",2025-10-29,2025-11-02,"2025-10-29 16:36:03"
01K8RHTVVQSKY08056AGGH5490,test-user-101,USER,NULL,test-user-101,01K8NMAY6TJ06AKN2WZP2Y6140,Hubspot,"2025-10-29 17:56:44",2025-10-29,2025-11-02,"2025-10-29 17:56:44"
01K8RW3NZGCXWGCQA74ZTCPQXA,593990486358,USER,NULL,593990486358,01K8HTG5B6DS15XQ67J3ZA1Q9J,"Google Calendar","2025-10-29 20:56:18",2025-10-29,2025-11-02,"2025-10-29 20:56:18"
01K8TR153WE1JJAR8H7WMMYAYV,test-user-505,USER,NULL,test-user-505,01K8NMAY6TJ06AKN2WZP2Y6140,Hubspot,"2025-10-30 14:23:30",2025-10-30,2025-11-02,"2025-10-30 14:23:30"
01K8VKYNQ4NKTE7VP1RM4N82FQ,9999,USER,NULL,9999,01K8VHDZR76SC4K6C7ARA5G5CC,Slack,"2025-10-30 22:31:29",2025-10-30,2025-11-02,"2025-10-30 22:31:29"
01K8X8YK8TFC7QFC46BEF99SK6,593988878638,USER,NULL,593988878638,01K8VHDZR76SC4K6C7ARA5G5CC,Slack,"2025-10-31 13:57:41",2025-10-31,2025-11-02,"2025-10-31 13:57:41"
01K97MWB06HJ08H043HE3ZTMV8,573158776064,USER,NULL,573158776064,01K8HTG5B6DS15XQ67J3ZA1Q9J,"Google Calendar","2025-11-04 14:38:34",2025-11-04,2025-11-09,"2025-11-04 14:38:34"
01K97P9YNXXPH8TRM9HNF5K89V,573158776064,USER,NULL,573158776064,01K8NMAY6TJ06AKN2WZP2Y6140,Hubspot,"2025-11-04 15:03:29",2025-11-04,2025-11-09,"2025-11-04 15:03:29"
01K97ZMFRHBZQVB1F87V8PX4AK,573158776064,USER,NULL,573158776064,01K8VHDZR76SC4K6C7ARA5G5CC,Slack,"2025-11-04 17:46:31",2025-11-04,2025-11-09,"2025-11-04 17:46:31"
01K9AT46R1HC98X8GCXERAGF2P,573158776064,USER,NULL,573158776064,01K8C7NBTZZQP3A0VWVZBM1RZ5,Gmail,"2025-11-05 20:07:58",2025-11-05,2025-11-09,"2025-11-05 20:07:58"
01K9ATWNV602X67B6KRX235KF3,593996411676,USER,NULL,593996411676,01K8HTG5B6DS15XQ67J3ZA1Q9J,"Google Calendar","2025-11-05 20:21:20",2025-11-05,2025-11-09,"2025-11-05 20:21:20"
01K9B5W7HWF8RK1CWAH2X24733,593959132167,USER,NULL,593959132167,01K8C7NBTZZQP3A0VWVZBM1RZ5,Gmail,"2025-11-05 23:33:20",2025-11-05,2025-11-09,"2025-11-05 23:33:20"
01K9CRDY6P1ARAP9A1FETCWQ5Q,593968803368,USER,NULL,593968803368,01K8NMAY6TJ06AKN2WZP2Y6140,Hubspot,"2025-11-06 14:16:49",2025-11-06,2025-11-09,"2025-11-06 14:16:49"
01K9CSS3YYQ41SPXWBXYG0R1EA,5218115917786,USER,NULL,5218115917786,01K8HTG5B6DS15XQ67J3ZA1Q9J,"Google Calendar","2025-11-06 14:40:24",2025-11-06,2025-11-09,"2025-11-06 14:40:24"
01K9DFPA7JFT3EASKS0ZK9X927,593962734141,USER,NULL,593962734141,01K8VHDZR76SC4K6C7ARA5G5CC,Slack,"2025-11-06 21:03:20",2025-11-06,2025-11-09,"2025-11-06 21:03:20"
01K9DG6VP2YYFMFNC7CACNXGXH,5218115917786,USER,NULL,5218115917786,01K8C7NBTZZQP3A0VWVZBM1RZ5,Gmail,"2025-11-06 21:12:23",2025-11-06,2025-11-09,"2025-11-06 21:12:23"
01K9DGG5B7Y4SXK8R85XJGQ4JF,1,USER,NULL,1,01K8NMAY6TJ06AKN2WZP2Y6140,Hubspot,"2025-11-06 21:17:27",2025-11-06,2025-11-09,"2025-11-06 21:17:27"
01K9FJ19GMVT732E3K3548ABCD,11338,USER,NULL,11338,01K8C7NBTZZQP3A0VWVZBM1RZ5,Gmail,"2025-11-07 16:22:46",2025-11-07,2025-11-09,"2025-11-07 16:22:46"
01K9FJF31BTT1JSS2KR0544FCZ,11338,USER,NULL,11338,01K8HTG5B6DS15XQ67J3ZA1Q9J,"Google Calendar","2025-11-07 16:30:18",2025-11-07,2025-11-09,"2025-11-07 16:30:18"
01K9FP5QETB45MNHK4387EE0JW,573158776064,USER,NULL,573158776064,01K9FNY2C724J72BD0XC75JWSV,"Google Drive","2025-11-07 17:35:06",2025-11-07,2025-11-09,"2025-11-07 17:35:06"
01K9FP7CNP66Q70DWQ593FAZK9,573158776064,USER,NULL,573158776064,01K9FNTPQEBX29EAD3JTRQ7Z45,"Google Sheets","2025-11-07 17:36:00",2025-11-07,2025-11-09,"2025-11-07 17:36:00"
01K9FQQ8S7SZ1PTTPY6BMCE89C,593996411676,USER,NULL,593996411676,01K9FNY2C724J72BD0XC75JWSV,"Google Drive","2025-11-07 18:02:09",2025-11-07,2025-11-09,"2025-11-07 18:02:09"
01K9FZ5RQ5Y3MHSD7PKC057CJ6,593996411676,USER,NULL,593996411676,01K9FNTPQEBX29EAD3JTRQ7Z45,"Google Sheets","2025-11-07 20:12:24",2025-11-07,2025-11-09,"2025-11-07 20:12:24"
01K9KHEVS7NA4CVJXY4MBTCKEG,593982835748,USER,NULL,593982835748,01K9K12QQCWCP60SQHK3HDQ20M,"Google Docs","2025-11-09 05:29:40",2025-11-09,2025-11-09,"2025-11-09 05:29:40"
01K9PZ51KAAS09XCKR0M7V6C98,573215422049,USER,NULL,573215422049,01K9FNY2C724J72BD0XC75JWSV,"Google Drive","2025-11-10 13:26:42",2025-11-10,2025-11-16,"2025-11-10 13:26:42"
01K9PZF7V9Q3FZ6KWX76K6X4CY,573215422049,USER,NULL,573215422049,01K9FNTPQEBX29EAD3JTRQ7Z45,"Google Sheets","2025-11-10 13:32:16",2025-11-10,2025-11-16,"2025-11-10 13:32:16"
01K9PZXXTD8AQKWZKEX35APQK1,573215422049,USER,NULL,573215422049,01K9FYPATHY0JK31TFTKYZFC5S,"Google Analytics","2025-11-10 13:40:17",2025-11-10,2025-11-16,"2025-11-10 13:40:17"
01K9Q9T79YKMYTAFKVQ11M5MQN,593962734141,USER,NULL,593962734141,01K8HTG5B6DS15XQ67J3ZA1Q9J,"Google Calendar","2025-11-10 16:33:01",2025-11-10,2025-11-16,"2025-11-10 16:33:01"
01K9QBXHGB57250YQJ8K9K4650,593960135696,USER,NULL,593960135696,01K8NMAY6TJ06AKN2WZP2Y6140,Hubspot,"2025-11-10 17:09:47",2025-11-10,2025-11-16,"2025-11-10 17:09:47"
01K9QMG0DV60Y0KCRJZANMF5W8,573158776064,USER,NULL,573158776064,01K9K12QQCWCP60SQHK3HDQ20M,"Google Docs","2025-11-10 19:39:41",2025-11-10,2025-11-16,"2025-11-10 19:39:41"
01K9QV3Q6W5JRSWEKC2VAQCAEM,593980803006,USER,NULL,593980803006,01K8VHDZR76SC4K6C7ARA5G5CC,Slack,"2025-11-10 21:35:18",2025-11-10,2025-11-16,"2025-11-10 21:35:18"
01K9RH33XA8GSB3CKKRCT9AZYA,593959132167,USER,NULL,593959132167,01K9RFXKT2VFQR6PSYX86QCCB6,"Google Ads","2025-11-11 03:59:27",2025-11-11,2025-11-16,"2025-11-11 03:59:27"
01K9T3VA6N0BHJRW521A6HXEBX,12697,USER,NULL,12697,01K8HTG5B6DS15XQ67J3ZA1Q9J,"Google Calendar","2025-11-11 18:46:29",2025-11-11,2025-11-16,"2025-11-11 18:46:29"
01K9T8161FQ0MXDTMZQDTM624H,5218115917786,USER,NULL,5218115917786,01K9K12QQCWCP60SQHK3HDQ20M,"Google Docs","2025-11-11 19:59:36",2025-11-11,2025-11-16,"2025-11-11 19:59:36"
01K9T8C4TZ03B1PCBX0GNYJMR2,7013,USER,NULL,7013,01K8HTG5B6DS15XQ67J3ZA1Q9J,"Google Calendar","2025-11-11 20:05:35",2025-11-11,2025-11-16,"2025-11-25 16:48:47"
01K9T9TQ2ZTQ0PZDK22QG4QVV5,test-user-007,USER,NULL,test-user-007,01K9T48CSSES7595YGR8X9YH7Y,Supabase,"2025-11-11 20:31:01",2025-11-11,2025-11-16,"2025-11-11 20:31:01"
01K9TBG1C85RRCQ1TYVGSXQZKV,593960135699,USER,NULL,593960135699,01K9T48CSSES7595YGR8X9YH7Y,Supabase,"2025-11-11 21:00:08",2025-11-11,2025-11-16,"2025-11-11 21:00:08"
01K9TC8V7T8TVYT50241EH7DR0,593960135696,USER,NULL,593960135696,01K9T48CSSES7595YGR8X9YH7Y,Supabase,"2025-11-11 21:13:41",2025-11-11,2025-11-16,"2025-11-11 21:13:41"
01K9TD0Y23RFG58XH01NNKSG5N,593980803006,USER,NULL,593980803006,01K8HTG5B6DS15XQ67J3ZA1Q9J,"Google Calendar","2025-11-11 21:26:50",2025-11-11,2025-11-16,"2025-11-11 21:26:50"
01K9TGM5DH88Q72W8VC1R1SEMJ,5218115917786,USER,NULL,5218115917786,01K9FNY2C724J72BD0XC75JWSV,"Google Drive","2025-11-11 22:29:46",2025-11-11,2025-11-16,"2025-11-11 22:29:46"
01K9TQQEGW5JG82BRS8P5MHVEZ,573158776064,USER,NULL,573158776064,01K9FYPATHY0JK31TFTKYZFC5S,"Google Analytics","2025-11-12 00:33:54",2025-11-12,2025-11-16,"2025-11-12 00:33:54"
01K9TYXVTXWYK13WAQGG6ZC968,test-user-117,USER,NULL,test-user-117,01K9T48CSSES7595YGR8X9YH7Y,Supabase,"2025-11-12 02:39:44",2025-11-12,2025-11-16,"2025-11-12 02:39:44"
01K9W76PNPRXEQH6BC4G6ECBW0,12745,USER,NULL,12745,01K8C7NBTZZQP3A0VWVZBM1RZ5,Gmail,"2025-11-12 14:23:37",2025-11-12,2025-11-16,"2025-11-12 14:23:37"
01K9W7CM8ACH6T3EH7J5GJ49VQ,593990486358,USER,NULL,593990486358,01K9FNTPQEBX29EAD3JTRQ7Z45,"Google Sheets","2025-11-12 14:26:51",2025-11-12,2025-11-16,"2025-11-12 14:26:51"
01K9W9DT8VX0Z6BMFDS2H06EHH,2222,USER,NULL,2222,01K9T48CSSES7595YGR8X9YH7Y,Supabase,"2025-11-12 15:02:27",2025-11-12,2025-11-16,"2025-11-12 15:02:27"
01K9WH53MYY3C2GYFJ2HF4PWRG,5939688033688,USER,NULL,5939688033688,01K8NMAY6TJ06AKN2WZP2Y6140,Hubspot,"2025-11-12 17:17:30",2025-11-12,2025-11-16,"2025-11-12 17:17:30"
01K9WNN83XK4QKY8EN4MHGC9A4,11929,USER,NULL,11929,01K8C7NBTZZQP3A0VWVZBM1RZ5,Gmail,"2025-11-12 18:36:13",2025-11-12,2025-11-16,"2025-11-12 18:36:13"
01K9WNWYB854MSYVP71EB6KH7R,593990486358,USER,NULL,593990486358,01K9FNY2C724J72BD0XC75JWSV,"Google Drive","2025-11-12 18:40:25",2025-11-12,2025-11-16,"2025-11-12 18:40:25"
01K9X1J43V6E4PK7KJESTYC6FH,55555,USER,NULL,55555,01K8VHDZR76SC4K6C7ARA5G5CC,Slack,"2025-11-12 22:04:14",2025-11-12,2025-11-16,"2025-11-12 22:04:14"
01K9YSGZ8KSHXACFWNDDYJ6CM4,593988878638,USER,NULL,593988878638,01K9YRKF62SR6K682D7W017AN4,Stripe,"2025-11-13 14:22:16",2025-11-13,2025-11-16,"2025-11-13 14:22:16"
01K9ZET3NEXZ57DY249Z6YA1RK,593962734141,USER,NULL,593962734141,01K9FNTPQEBX29EAD3JTRQ7Z45,"Google Sheets","2025-11-13 20:34:16",2025-11-13,2025-11-16,"2025-11-13 20:34:16"
01K9ZHG1QGFWAQ74S8ZMWEQ26B,593996411676,USER,NULL,593996411676,01K9FYPATHY0JK31TFTKYZFC5S,"Google Analytics","2025-11-13 21:21:12",2025-11-13,2025-11-16,"2025-11-13 21:21:12"
01KA07QEC7ETB6D3WBRDY4C6MK,59378978979,USER,NULL,59378978979,01K9T48CSSES7595YGR8X9YH7Y,Supabase,"2025-11-14 03:49:43",2025-11-14,2025-11-16,"2025-11-14 03:49:43"
01KA08BZ5X0PC6HJ7HWN89PFDK,593789789790,USER,NULL,593789789790,01K9T48CSSES7595YGR8X9YH7Y,Supabase,"2025-11-14 04:00:56",2025-11-14,2025-11-16,"2025-11-14 04:00:56"
01KA1Q1JCHEEG781MH4K1PCK5F,10591,USER,NULL,10591,01K8C7NBTZZQP3A0VWVZBM1RZ5,Gmail,"2025-11-14 17:36:38",2025-11-14,2025-11-16,"2025-11-14 17:36:38"
01KA1Q22HGKJJAE55DF9SV2X7R,10591,USER,NULL,10591,01K8HTG5B6DS15XQ67J3ZA1Q9J,"Google Calendar","2025-11-14 17:36:54",2025-11-14,2025-11-16,"2025-11-14 17:36:54"
01KA1V3AJK2ADVCGJ0R2G80QNS,4892,USER,NULL,4892,01K8C7NBTZZQP3A0VWVZBM1RZ5,Gmail,"2025-11-14 18:47:30",2025-11-14,2025-11-16,"2025-11-14 18:47:30"
01KA1XTNS692YTP41W7ZP8Q78N,12766,USER,NULL,12766,01K8VHDZR76SC4K6C7ARA5G5CC,Slack,"2025-11-14 19:35:12",2025-11-14,2025-11-16,"2025-11-14 19:35:12"
01KA4FEG7ZCYR83EQR494CMN8E,12811,USER,NULL,12811,01K8HTG5B6DS15XQ67J3ZA1Q9J,"Google Calendar","2025-11-15 19:21:36",2025-11-15,2025-11-16,"2025-11-15 19:21:36"
01KA4HSTSZ53NT5SX7QF7Q7QJJ,7125,USER,NULL,7125,01K8HTG5B6DS15XQ67J3ZA1Q9J,"Google Calendar","2025-11-15 20:02:45",2025-11-15,2025-11-16,"2025-12-19 23:14:05"
01KA4J10Z8ZCXZK8155TC4B784,12807,USER,NULL,12807,01K8VHDZR76SC4K6C7ARA5G5CC,Slack,"2025-11-15 20:06:40",2025-11-15,2025-11-16,"2025-11-15 20:06:40"
01KA4J34Y04T5539Y1RAN5NM0V,12807,USER,NULL,12807,01K8HTG5B6DS15XQ67J3ZA1Q9J,"Google Calendar","2025-11-15 20:07:50",2025-11-15,2025-11-16,"2025-11-15 20:07:50"
01KA4J8GWKYJD6J3FDARWCHVSQ,7125,USER,NULL,7125,01K9K12QQCWCP60SQHK3HDQ20M,"Google Docs","2025-11-15 20:10:46",2025-11-15,2025-11-16,"2025-12-04 21:33:36"
01KA4JBC94PCCD34VD5KR5V3R1,12807,USER,NULL,12807,01K8C7NBTZZQP3A0VWVZBM1RZ5,Gmail,"2025-11-15 20:12:20",2025-11-15,2025-11-16,"2025-11-15 20:50:54"
01KA4JGJB6NJVW4SSGHKQAA5KX,7125,USER,NULL,7125,01K9FNY2C724J72BD0XC75JWSV,"Google Drive","2025-11-15 20:15:10",2025-11-15,2025-11-16,"2025-12-15 15:25:44"
01KA4KPMPV23YY5DS5CTCD64T2,12807,USER,NULL,12807,01K9FNTPQEBX29EAD3JTRQ7Z45,"Google Sheets","2025-11-15 20:35:57",2025-11-15,2025-11-16,"2025-11-15 20:35:57"
01KA4KTHYWT72W8TJRKAT92YHT,12807,USER,NULL,12807,01K9FNY2C724J72BD0XC75JWSV,"Google Drive","2025-11-15 20:38:06",2025-11-15,2025-11-16,"2025-11-15 20:38:06"
01KA4Q32QEJ89V87CNSPG88GJ1,12811,USER,NULL,12811,01K8VHDZR76SC4K6C7ARA5G5CC,Slack,"2025-11-15 21:35:11",2025-11-15,2025-11-16,"2025-11-15 21:35:11"
01KA4QHVV4SGRRWHFE5JX1AB2R,7777777,USER,NULL,7777777,01K8VHDZR76SC4K6C7ARA5G5CC,Slack,"2025-11-15 21:43:15",2025-11-15,2025-11-16,"2025-11-15 21:43:15"
01KA7N2H48KCR7122HRH3GJ4GN,7651,USER,NULL,7651,01K8VHDZR76SC4K6C7ARA5G5CC,Slack,"2025-11-17 00:57:39",2025-11-17,2025-11-23,"2026-01-14 15:25:35"
01KA92E6JNC7A9KMFXEK7KFEZZ,12852,USER,NULL,12852,01K8HTG5B6DS15XQ67J3ZA1Q9J,"Google Calendar","2025-11-17 14:10:27",2025-11-17,2025-11-23,"2025-11-17 14:10:27"
01KA92EJKP4F09KXVA67JYXJKJ,12852,USER,NULL,12852,01K8VHDZR76SC4K6C7ARA5G5CC,Slack,"2025-11-17 14:10:39",2025-11-17,2025-11-23,"2025-11-17 14:10:39"
01KA99269PKWF29P7Z0BJ16N0E,11788,USER,NULL,11788,01K8VHDZR76SC4K6C7ARA5G5CC,Slack,"2025-11-17 16:06:14",2025-11-17,2025-11-23,"2025-11-17 16:06:14"
01KA9CW0BR308HPFTV2V7DWHXN,12874,USER,NULL,12874,01K8HTG5B6DS15XQ67J3ZA1Q9J,"Google Calendar","2025-11-17 17:12:45",2025-11-17,2025-11-23,"2025-11-17 17:12:45"
01KA9CWVW7RP2W89XTRSY70EYG,12874,USER,NULL,12874,01K8VHDZR76SC4K6C7ARA5G5CC,Slack,"2025-11-17 17:13:13",2025-11-17,2025-11-23,"2025-11-17 17:13:13"
01KABV26H0V4XDKWS4T5CYCQV0,7125,USER,NULL,7125,01K8NMAY6TJ06AKN2WZP2Y6140,Hubspot,"2025-11-18 15:59:17",2025-11-18,2025-11-23,"2025-11-18 15:59:17"
01KAC0PMXKGJ5RW7VWJND82R1D,7371,USER,NULL,7371,01K9RFXKT2VFQR6PSYX86QCCB6,"Google Ads","2025-11-18 17:37:50",2025-11-18,2025-11-23,"2025-11-28 21:09:31"
01KAC4Y4T7FBZCN94R1YZ3NHHP,10152,USER,NULL,10152,01K8NMAY6TJ06AKN2WZP2Y6140,Hubspot,"2025-11-18 18:51:50",2025-11-18,2025-11-23,"2025-11-18 18:51:50"
01KACEHBY56P0356M0J1SS9S8B,12922,USER,NULL,12922,01K8HTG5B6DS15XQ67J3ZA1Q9J,"Google Calendar","2025-11-18 21:39:37",2025-11-18,2025-11-23,"2025-11-18 21:39:37"
01KACEJ1GEDXA7879P0ATTXMY5,12922,USER,NULL,12922,01K8VHDZR76SC4K6C7ARA5G5CC,Slack,"2025-11-18 21:39:59",2025-11-18,2025-11-23,"2025-11-18 21:39:59"
01KACJYSR7B1K3YPPSTF780M3Z,7125,USER,NULL,7125,01K9RFXKT2VFQR6PSYX86QCCB6,"Google Ads","2025-11-18 22:56:51",2025-11-18,2025-11-23,"2025-11-18 22:56:51"
01KAEXNJMP2M2ZTSC848E7K94S,5928,USER,NULL,5928,01K8HTG5B6DS15XQ67J3ZA1Q9J,"Google Calendar","2025-11-19 20:42:32",2025-11-19,2025-11-23,"2025-11-26 20:57:41"
01KAF44WQB17Q8YRHS3Q28TKV0,12968,USER,NULL,12968,01K8VHDZR76SC4K6C7ARA5G5CC,Slack,"2025-11-19 22:35:46",2025-11-19,2025-11-23,"2025-11-19 22:35:46"
01KAF45RTPB10ZH2AHCC0HWQ28,12968,USER,NULL,12968,01K8C7NBTZZQP3A0VWVZBM1RZ5,Gmail,"2025-11-19 22:36:15",2025-11-19,2025-11-23,"2025-11-19 22:36:15"
01KAF46WDN8S92AZYWPGQY0B30,12968,USER,NULL,12968,01K8NMAY6TJ06AKN2WZP2Y6140,Hubspot,"2025-11-19 22:36:51",2025-11-19,2025-11-23,"2025-11-19 22:36:51"
01KAF47M3CGCKPNSE24V07A2ZR,12968,USER,NULL,12968,01K8HTG5B6DS15XQ67J3ZA1Q9J,"Google Calendar","2025-11-19 22:37:15",2025-11-19,2025-11-23,"2025-11-19 22:37:15"
01KAF48J0XQ5N3E3J3A684Q407,12968,USER,NULL,12968,01K9K12QQCWCP60SQHK3HDQ20M,"Google Docs","2025-11-19 22:37:46",2025-11-19,2025-11-23,"2025-11-19 22:37:46"
01KAGS8T1107YQCDF8G870SF1W,6920,USER,NULL,6920,01K8NMAY6TJ06AKN2WZP2Y6140,Hubspot,"2025-11-20 14:04:09",2025-11-20,2025-11-23,"2025-11-20 14:04:09"
01KAHM598N3KMXQBT6NB4JVE78,11795,USER,NULL,11795,01K8NMAY6TJ06AKN2WZP2Y6140,Hubspot,"2025-11-20 21:54:05",2025-11-20,2025-11-23,"2025-11-20 21:54:05"
01KAVBJWQ7ENK5H7D9H5ED01FZ,12023,USER,NULL,12023,01K8HTG5B6DS15XQ67J3ZA1Q9J,"Google Calendar","2025-11-24 16:36:38",2025-11-24,2025-11-30,"2025-11-24 16:36:38"
01KAVC5GK4DFA63WGN8WTN6MVV,11801,USER,NULL,11801,01K9FNTPQEBX29EAD3JTRQ7Z45,"Google Sheets","2025-11-24 16:46:48",2025-11-24,2025-11-30,"2025-11-24 16:46:48"
01KAVDCKFCAJ6YBFE98P662R9M,13042,USER,NULL,13042,01K8VHDZR76SC4K6C7ARA5G5CC,Slack,"2025-11-24 17:08:09",2025-11-24,2025-11-30,"2025-11-24 17:08:09"
01KAVDD7RNZER40BP70DZKCP2D,13042,USER,NULL,13042,01K8HTG5B6DS15XQ67J3ZA1Q9J,"Google Calendar","2025-11-24 17:08:30",2025-11-24,2025-11-30,"2025-11-24 17:08:30"
01KAVJ1E0DJFTHMDYT60WC6B5Y,7371,USER,NULL,7371,01K8C7NBTZZQP3A0VWVZBM1RZ5,Gmail,"2025-11-24 18:29:26",2025-11-24,2025-11-30,"2025-11-26 05:03:05"
01KAVV8Z7TCXZAF2WPSS6RQFV1,13049,USER,NULL,13049,01K8HTG5B6DS15XQ67J3ZA1Q9J,"Google Calendar","2025-11-24 21:10:50",2025-11-24,2025-11-30,"2025-11-24 21:10:50"
01KAVV9G8PY091NX2SF2B6VGST,13049,USER,NULL,13049,01K8VHDZR76SC4K6C7ARA5G5CC,Slack,"2025-11-24 21:11:07",2025-11-24,2025-11-30,"2025-11-24 21:11:07"
01KAWF6BH8TNGG5KBRSKVT1W5W,12837,USER,NULL,12837,01K8VHDZR76SC4K6C7ARA5G5CC,Slack,"2025-11-25 02:58:56",2025-11-25,2025-11-30,"2025-11-25 02:58:56"
01KAWFHE8RESBYZK12EFWGRBCY,12837,USER,NULL,12837,01K8HTG5B6DS15XQ67J3ZA1Q9J,"Google Calendar","2025-11-25 03:04:59",2025-11-25,2025-11-30,"2025-11-25 03:04:59"
01KAYGX04WNAJVST45AR8V5VB4,12753,USER,NULL,12753,01K8HTG5B6DS15XQ67J3ZA1Q9J,"Google Calendar","2025-11-25 22:07:15",2025-11-25,2025-11-30,"2025-11-25 22:07:15"
01KAYH1S0P0ZCPFHB8Z8R4X4CT,12753,USER,NULL,12753,01K8VHDZR76SC4K6C7ARA5G5CC,Slack,"2025-11-25 22:09:52",2025-11-25,2025-11-30,"2025-11-25 22:09:52"
01KAYNQ35GD804DDDTMJ70P374,7371,USER,NULL,7371,01K9FNY2C724J72BD0XC75JWSV,"Google Drive","2025-11-25 23:31:24",2025-11-25,2025-11-30,"2025-12-10 16:42:12"
01KAYRNMDS7EJQS7KY0G1Q2TPY,7371,USER,NULL,7371,01K8HTG5B6DS15XQ67J3ZA1Q9J,"Google Calendar","2025-11-26 00:23:02",2025-11-26,2025-11-30,"2025-12-01 14:03:41"
01KB09M0PRG1KBKH493FZG21N9,593962734141,USER,NULL,593962734141,01K9YRKF62SR6K682D7W017AN4,Stripe,"2025-11-26 14:38:30",2025-11-26,2025-11-30,"2025-11-26 14:38:30"
01KB0K9PXKC6BQFARCWHS2MFJV,7511,USER,NULL,7511,01K9YRKF62SR6K682D7W017AN4,Stripe,"2025-11-26 17:27:38",2025-11-26,2025-11-30,"2026-01-21 20:53:05"
01KB0Q26W8PYXJW579MNGKQMGV,10436,USER,NULL,10436,01K9YRKF62SR6K682D7W017AN4,Stripe,"2025-11-26 18:33:26",2025-11-26,2025-11-30,"2025-12-17 13:22:33"
01KB1126VDXPESFE1BF68HG8BJ,13108,USER,NULL,13108,01K8C7NBTZZQP3A0VWVZBM1RZ5,Gmail,"2025-11-26 21:28:12",2025-11-26,2025-11-30,"2025-11-26 21:28:12"
01KB112Y30WJ0EKBS3Y63BJGB7,13108,USER,NULL,13108,01K8HTG5B6DS15XQ67J3ZA1Q9J,"Google Calendar","2025-11-26 21:28:36",2025-11-26,2025-11-30,"2025-11-26 21:28:36"
01KB113Y0SQJNWYKGETMXK8VAC,13108,USER,NULL,13108,01K8VHDZR76SC4K6C7ARA5G5CC,Slack,"2025-11-26 21:29:08",2025-11-26,2025-11-30,"2025-11-26 21:29:08"
01KB118NK3G3XJT1V1FZ66A1FS,13108,USER,NULL,13108,01K9FNTPQEBX29EAD3JTRQ7Z45,"Google Sheets","2025-11-26 21:31:44",2025-11-26,2025-11-30,"2025-11-26 21:31:44"
01KB2Y2F6TH0GCA42J79C2K9D9,11337,USER,NULL,11337,01K8HTG5B6DS15XQ67J3ZA1Q9J,"Google Calendar","2025-11-27 15:14:24",2025-11-27,2025-11-30,"2025-11-27 15:14:24"
01KB3BP5QYDX9S66QY9D0X86MC,10436,USER,NULL,10436,01K8VHDZR76SC4K6C7ARA5G5CC,Slack,"2025-11-27 19:12:21",2025-11-27,2025-11-30,"2025-12-11 16:49:36"
01KB5F7MS3DC752PBRV1TMQSZQ,10152,USER,NULL,10152,01K9T48CSSES7595YGR8X9YH7Y,Supabase,"2025-11-28 14:52:48",2025-11-28,2025-11-30,"2025-12-11 03:10:16"
01KB5G6HPFW588SEKVED7XSEE3,10436,USER,NULL,10436,01K9T48CSSES7595YGR8X9YH7Y,Supabase,"2025-11-28 15:09:40",2025-11-28,2025-11-30,"2025-12-11 14:01:34"
01KB61JGCDFNYS8TWW3S26XF0D,10436,USER,NULL,10436,01K9K12QQCWCP60SQHK3HDQ20M,"Google Docs","2025-11-28 20:13:18",2025-11-28,2025-11-30,"2025-11-28 20:13:18"
01KB64SDTMTCSRS7GA9E8HVYDT,13143,USER,NULL,13143,01K8NMAY6TJ06AKN2WZP2Y6140,Hubspot,"2025-11-28 21:09:31",2025-11-28,2025-11-30,"2025-12-18 21:27:02"
01KB64YA8F0YD627DARY4GTM74,10436,USER,NULL,10436,01K9RFXKT2VFQR6PSYX86QCCB6,"Google Ads","2025-11-28 21:12:11",2025-11-28,2025-11-30,"2025-11-28 21:30:15"
01KB66A5SK6R7QS72E47SJA320,5213,USER,NULL,5213,01KAE508CKNAZTTK5EDDXE5PJ5,Siigo,"2025-11-28 21:36:08",2025-11-28,2025-11-30,"2025-12-12 14:02:33"
01KB66WAD1B97WK1P6E5BV5V3A,7511,USER,NULL,7511,01K9T48CSSES7595YGR8X9YH7Y,Supabase,"2025-11-28 21:46:03",2025-11-28,2025-11-30,"2025-12-10 19:35:34"
01KBBE92C697CNMHM82KRKJDXZ,13154,USER,NULL,13154,01K8C7NBTZZQP3A0VWVZBM1RZ5,Gmail,"2025-11-30 22:31:32",2025-11-30,2025-11-30,"2025-11-30 22:31:32"
01KBBEADTGB7RWD1KZXX78NHSK,13154,USER,NULL,13154,01K9FNY2C724J72BD0XC75JWSV,"Google Drive","2025-11-30 22:32:17",2025-11-30,2025-11-30,"2025-11-30 22:32:17"
01KBBEBD8PP2MPT71D7Q3HS5D3,13154,USER,NULL,13154,01K8HTG5B6DS15XQ67J3ZA1Q9J,"Google Calendar","2025-11-30 22:32:49",2025-11-30,2025-11-30,"2025-11-30 22:32:49"
01KBBECKPSXDNQBYRZ6201MSJ2,13154,USER,NULL,13154,01K9FNTPQEBX29EAD3JTRQ7Z45,"Google Sheets","2025-11-30 22:33:29",2025-11-30,2025-11-30,"2025-11-30 22:33:29"
01KBBMXXWVKPEXCZX4P7BTPH7B,13158,USER,NULL,13158,01KE9X2NMP5YAS955ZTKG0VNWZ,Gmail,"2025-12-01 00:27:47",2025-12-01,2025-12-07,"2026-01-12 14:22:23"
01KBDWKAK8TEHS0EECWQ2KD10B,2637,USER,NULL,2637,01K8HTG5B6DS15XQ67J3ZA1Q9J,"Google Calendar","2025-12-01 21:20:18",2025-12-01,2025-12-07,"2025-12-01 21:20:18"
01KBDWM21CEF4RHGBZ8A4EV5PZ,2637,USER,NULL,2637,01K8C7NBTZZQP3A0VWVZBM1RZ5,Gmail,"2025-12-01 21:20:42",2025-12-01,2025-12-07,"2025-12-01 21:20:42"
01KBFNP2ZMD21V8A6K03VJA23T,7651,USER,NULL,7651,01K9T48CSSES7595YGR8X9YH7Y,Supabase,"2025-12-02 13:57:57",2025-12-02,2025-12-07,"2025-12-02 13:57:57"
01KBFQBN6XVSVC69GAXX93B5BM,10436,USER,NULL,10436,01K8C7NBTZZQP3A0VWVZBM1RZ5,Gmail,"2025-12-02 14:27:12",2025-12-02,2025-12-07,"2025-12-02 14:27:12"
01KBGHKM0Q4WMPW5BJJJ7GWS3V,10152,USER,NULL,10152,01KACXTX15H5F779RX6VNGJTNG,Contifico,"2025-12-02 22:05:56",2025-12-02,2025-12-07,"2025-12-16 15:18:23"
01KBGRQ5VQ2MDCP4ECADFVGM7V,8613,USER,NULL,8613,01KAE508CKNAZTTK5EDDXE5PJ5,Siigo,"2025-12-03 00:10:13",2025-12-03,2025-12-07,"2025-12-03 00:10:13"
01KBH57ZCWJAZN65W24VC35ZTR,7125,USER,NULL,7125,01KACXTX15H5F779RX6VNGJTNG,Contifico,"2025-12-03 03:49:06",2025-12-03,2025-12-07,"2025-12-03 04:14:27"
01KBJGEZ2BF8MS248C4RYT0DYC,12437,USER,NULL,12437,01K8VHDZR76SC4K6C7ARA5G5CC,Slack,"2025-12-03 16:24:24",2025-12-03,2025-12-07,"2025-12-03 16:24:24"
01KBN2QZZZ00H8SK6J1X9HV9FE,11616,USER,NULL,11616,01K8C7NBTZZQP3A0VWVZBM1RZ5,Gmail,"2025-12-04 16:22:23",2025-12-04,2025-12-07,"2025-12-04 16:22:23"
01KBN4MATD5QDNPTNT7DNRRDAR,7868,USER,NULL,7868,01K8VHDZR76SC4K6C7ARA5G5CC,Slack,"2025-12-04 16:55:20",2025-12-04,2025-12-07,"2026-01-08 14:49:18"
01KBN7HRFGXNYMB6K7KZE4C0DZ,3984,USER,NULL,3984,01K8C7NBTZZQP3A0VWVZBM1RZ5,Gmail,"2025-12-04 17:46:22",2025-12-04,2025-12-07,"2025-12-04 17:46:22"
01KBN7MA7EG6MYNM1FHQSVWRS2,13262,USER,NULL,13262,01K8C7NBTZZQP3A0VWVZBM1RZ5,Gmail,"2025-12-04 17:47:45",2025-12-04,2025-12-07,"2025-12-04 17:47:45"
01KBNDESEHF1CAW151CX4PGCFY,12023,USER,NULL,12023,01K9FNY2C724J72BD0XC75JWSV,"Google Drive","2025-12-04 19:29:36",2025-12-04,2025-12-07,"2025-12-04 19:29:36"
01KBNDFHH7JS9953MMF6K5K2ES,12023,USER,NULL,12023,01K9FYPATHY0JK31TFTKYZFC5S,"Google Analytics","2025-12-04 19:30:00",2025-12-04,2025-12-07,"2025-12-04 19:30:00"
01KBNEH67SQKWXJ62MAF9R959P,10436,USER,NULL,10436,01K9FNY2C724J72BD0XC75JWSV,"Google Drive","2025-12-04 19:48:23",2025-12-04,2025-12-07,"2025-12-04 19:48:23"
01KC2CP2MM0ASXHS278M0XABYR,10436,USER,NULL,10436,01KACXTX15H5F779RX6VNGJTNG,Contifico,"2025-12-09 20:26:14",2025-12-09,2025-12-14,"2025-12-09 20:26:14"
01KC2D09FECSYPN68Y31RNTZ17,7868,USER,NULL,7868,01KACXTX15H5F779RX6VNGJTNG,Contifico,"2025-12-09 20:31:48",2025-12-09,2025-12-14,"2025-12-09 20:31:48"
01KC4KTSKY7ECZSZ10PDJPWNM2,7898,USER,NULL,7898,01K8VHDZR76SC4K6C7ARA5G5CC,Slack,"2025-12-10 17:09:37",2025-12-10,2025-12-14,"2025-12-10 17:09:37"
01KC4M62G4N6CJBFPTP90VDSX6,13434,USER,NULL,13434,01K8NMAY6TJ06AKN2WZP2Y6140,Hubspot,"2025-12-10 17:15:47",2025-12-10,2025-12-14,"2025-12-10 19:24:19"
01KC4Q1B691209QCSQS6MCX2XG,13261,USER,NULL,13261,01K8C7NBTZZQP3A0VWVZBM1RZ5,Gmail,"2025-12-10 18:05:37",2025-12-10,2025-12-14,"2025-12-10 18:05:37"
01KC4QC9HB71SPN86VJ752S5JP,13261,USER,NULL,13261,01K8HTG5B6DS15XQ67J3ZA1Q9J,"Google Calendar","2025-12-10 18:11:36",2025-12-10,2025-12-14,"2025-12-10 18:11:36"
01KC4QHREZB09DXM6JNN06NC47,13261,USER,NULL,13261,01K9FNY2C724J72BD0XC75JWSV,"Google Drive","2025-12-10 18:14:35",2025-12-10,2025-12-14,"2025-12-10 18:14:35"
01KC4QRA163PWS5SSCA5T356ND,13261,USER,NULL,13261,01K9K12QQCWCP60SQHK3HDQ20M,"Google Docs","2025-12-10 18:18:10",2025-12-10,2025-12-14,"2025-12-10 18:18:10"
01KC4QWWB7DYKYD6FQ4BRMXSYW,13261,USER,NULL,13261,01K9FYPATHY0JK31TFTKYZFC5S,"Google Analytics","2025-12-10 18:20:40",2025-12-10,2025-12-14,"2025-12-10 18:20:40"
01KC4X4AJ6KDRF5PS6TYGJ27HR,11337,USER,NULL,11337,01K8C7NBTZZQP3A0VWVZBM1RZ5,Gmail,"2025-12-10 19:52:06",2025-12-10,2025-12-14,"2025-12-10 19:52:06"
01KC51B89SH36R215HDP4T42QN,7125,USER,NULL,7125,01K9FNTPQEBX29EAD3JTRQ7Z45,"Google Sheets","2025-12-10 21:05:48",2025-12-10,2025-12-14,"2025-12-15 15:48:27"
01KC52B4SRWJ71C26GABCD30J5,1792,USER,NULL,1792,01K9FNTPQEBX29EAD3JTRQ7Z45,"Google Sheets","2025-12-10 21:23:13",2025-12-10,2025-12-14,"2025-12-20 00:06:38"
01KC57687F8VPA2PTJKQH1QBTS,7013,USER,NULL,7013,01K9FYPATHY0JK31TFTKYZFC5S,"Google Analytics","2025-12-10 22:47:55",2025-12-10,2025-12-14,"2025-12-10 22:51:05"
01KC730QTQKQHB0Q32TWNA5TE3,1792,USER,NULL,1792,01K9FYPATHY0JK31TFTKYZFC5S,"Google Analytics","2025-12-11 16:13:29",2025-12-11,2025-12-14,"2025-12-20 00:14:18"
01KC73ZR2D5Z33NDPZY3144QN5,1792,USER,NULL,1792,01K9K12QQCWCP60SQHK3HDQ20M,"Google Docs","2025-12-11 16:30:25",2025-12-11,2025-12-14,"2025-12-20 00:08:15"
01KC748VGS085PZJ1S7FH9RY5G,1792,USER,NULL,1792,01K9FNY2C724J72BD0XC75JWSV,"Google Drive","2025-12-11 16:35:24",2025-12-11,2025-12-14,"2025-12-20 00:11:09"
01KC74FP23RQZ5Y52EM3JQKT5C,1792,USER,NULL,1792,01K8HTG5B6DS15XQ67J3ZA1Q9J,"Google Calendar","2025-12-11 16:39:08",2025-12-11,2025-12-14,"2025-12-20 00:12:33"
01KCA1Y1K1SAWQVZBTVEGVWW90,7125,USER,NULL,7125,01K9YRKF62SR6K682D7W017AN4,Stripe,"2025-12-12 19:52:16",2025-12-12,2025-12-14,"2026-01-15 05:35:04"
01KCA3MB30FZ21PM3V2BDRX0R6,7013,USER,NULL,7013,01K9YRKF62SR6K682D7W017AN4,Stripe,"2025-12-12 20:21:55",2025-12-12,2025-12-14,"2026-01-15 16:58:53"
01KCA9MZWKXMKWBCGTTVCT2MMS,13503,USER,NULL,13503,01K8VHDZR76SC4K6C7ARA5G5CC,Slack,"2025-12-12 22:07:08",2025-12-12,2025-12-14,"2025-12-12 22:07:08"
01KCHACH5AYYJBB6ECPRC0DSAR,8276,USER,NULL,8276,01K9T48CSSES7595YGR8X9YH7Y,Supabase,"2025-12-15 15:34:40",2025-12-15,2025-12-21,"2025-12-15 23:20:05"
01KCHAW7EPBM7PH4HYQ395V4EQ,3423,USER,NULL,3423,01KC5PXXSPMEMAB2TD4EBNTD3W,"Meta Ads","2025-12-15 15:43:14",2025-12-15,2025-12-21,"2025-12-19 16:02:27"
01KCHC24C8S63X0K6QYKY1M9CR,7125,USER,NULL,7125,01K9FYPATHY0JK31TFTKYZFC5S,"Google Analytics","2025-12-15 16:03:56",2025-12-15,2025-12-21,"2025-12-15 17:14:34"
01KCHT8S92PYPMKABGYT55B0CS,13525,USER,NULL,13525,01K9YRKF62SR6K682D7W017AN4,Stripe,"2025-12-15 20:12:15",2025-12-15,2025-12-21,"2025-12-15 20:12:15"
01KCPJ37HE25XJ92QPWX6NF9Y6,8613,USER,NULL,8613,01K8C7NBTZZQP3A0VWVZBM1RZ5,Gmail,"2025-12-17 16:25:36",2025-12-17,2025-12-21,"2025-12-17 16:25:36"
01KCPYH0HF1QTSDYVW87G1F07J,7125,USER,NULL,7125,01KCPXN7G12R0844JJ54YN8FZW,Calendly,"2025-12-17 20:02:51",2025-12-17,2025-12-21,"2025-12-17 20:02:51"
01KCQ21EFKHA2CWDRWE1T576ZQ,7013,USER,NULL,7013,01KCPXN7G12R0844JJ54YN8FZW,Calendly,"2025-12-17 21:04:15",2025-12-17,2025-12-21,"2025-12-17 21:04:15"
01KCQHE1SM2H8D3RWZJ056TRMQ,8613,USER,NULL,8613,01KCPXN7G12R0844JJ54YN8FZW,Calendly,"2025-12-18 01:33:16",2025-12-18,2025-12-21,"2025-12-18 01:50:07"
01KCQSDEAQ0TKD26CRNQR3QRY7,13332,USER,NULL,13332,01K8VHDZR76SC4K6C7ARA5G5CC,Slack,"2025-12-18 03:52:45",2025-12-18,2025-12-21,"2025-12-18 03:52:45"
01KCSR7RA3MWJ1XVEM89XSX8P2,1792,USER,NULL,1792,01KCQ8JZH5M2GV2ZPC5WE8963Z,Datil,"2025-12-18 22:10:39",2025-12-18,2025-12-21,"2025-12-18 22:10:39"
01KCVE7NSPSK2M1B9G570HFA0Z,12179,USER,NULL,12179,01KCQ8JZH5M2GV2ZPC5WE8963Z,Datil,"2025-12-19 13:54:20",2025-12-19,2025-12-21,"2026-01-14 16:34:07"
01KCVJRQZFWCYP4M9M4X987YWP,12122,USER,NULL,12122,01KCSR305CM0PCY1KPMEQPZVZZ,Odoo,"2025-12-19 15:13:33",2025-12-19,2025-12-21,"2025-12-22 21:13:02"
01KCW1083WJVNKCCPYDYFTF74G,1792,USER,NULL,1792,01KC5PXXSPMEMAB2TD4EBNTD3W,"Meta Ads","2025-12-19 19:22:19",2025-12-19,2025-12-21,"2025-12-19 21:25:26"
01KD42YRSHZV5SQ3P30PG149V0,12122,USER,NULL,12122,01KD42W7PY6Q53SMXEFEXMAC57,Alegra,"2025-12-22 22:30:23",2025-12-22,2025-12-28,"2025-12-22 22:30:23"
01KD5KDV8KJQKAXF9C9Y1DSWW3,11788,USER,NULL,11788,01K9ZG775CSSPHP2QD4N058X65,Woocommerce,"2025-12-23 12:37:29",2025-12-23,2025-12-28,"2025-12-29 13:26:53"
01KD60SZNG5A4B8PM7GQXDVK37,12122,USER,NULL,12122,01KD39X7C2RC64C8EE85T5V8EK,Facturama,"2025-12-23 16:31:18",2025-12-23,2025-12-28,"2025-12-23 16:41:10"
01KD63VN6E507AB93S54F0AT2Y,12122,USER,NULL,12122,01KD5X2KCZ0CJXS84GQ6ARVK3N,"Agenda Pro","2025-12-23 17:24:39",2025-12-23,2025-12-28,"2025-12-23 17:24:39"
01KD6AAXKGAA0E8P9RC7KH4S4Z,13559,USER,NULL,13559,01KD5SF4GX2X07FC1Q8QF4F0CA,Gmail,"2025-12-23 19:17:50",2025-12-23,2025-12-28,"2025-12-29 14:16:14"
01KD6FEEQDFJJBW52F3MB6HT3W,13559,USER,NULL,13559,01K8HTG5B6DS15XQ67J3ZA1Q9J,"Google Calendar","2025-12-23 20:47:09",2025-12-23,2025-12-28,"2025-12-23 22:29:01"
01KD6HHNFK1TKJZ70B1SMYEQMS,13559,USER,NULL,13559,01KD6EYQH597M7NHFD8BZR07DN,"Google Drive","2025-12-23 21:23:51",2025-12-23,2025-12-28,"2025-12-30 11:05:33"
01KD88CKAEPARSHMDT0N3FQS84,11788,USER,NULL,11788,01K8Q4CSGH2GWQJ2SWJ2CAZ4EP,shopify,"2025-12-24 13:22:17",2025-12-24,2025-12-28,"2025-12-24 13:22:17"
01KD8BRQ6GSA0J9H0N04010ZC8,12122,USER,NULL,12122,01KD6KRM8CQZ0042788SDAM3W6,Bitrix24,"2025-12-24 14:21:20",2025-12-24,2025-12-28,"2025-12-24 17:04:56"
01KD8EAZY40WB54203CAR5Y7Z2,12179,USER,NULL,12179,01KD5X2KCZ0CJXS84GQ6ARVK3N,"Agenda Pro","2025-12-24 15:06:16",2025-12-24,2025-12-28,"2025-12-24 17:33:59"
01KD93W6EB0GJNQRJXBY6Z48FZ,13158,USER,NULL,13158,01KCQ8JZH5M2GV2ZPC5WE8963Z,Datil,"2025-12-24 21:22:40",2025-12-24,2025-12-28,"2026-01-17 18:40:20"
01KD95DZCZ0RA6YC89K019V1R8,12122,USER,NULL,12122,01KCQ8JZH5M2GV2ZPC5WE8963Z,Datil,"2025-12-24 21:49:51",2025-12-24,2025-12-28,"2026-02-10 19:10:35"
01KDC37VQ5TE0Q68RMHGPTX3M7,7511,USER,NULL,7511,01KCPXN7G12R0844JJ54YN8FZW,Calendly,"2025-12-26 01:09:17",2025-12-26,2025-12-28,"2025-12-26 01:09:17"
01KDDE43XB4ZQX4AJBJNHCHGCK,11788,USER,NULL,11788,01KD5X2KCZ0CJXS84GQ6ARVK3N,"Agenda Pro","2025-12-26 13:38:43",2025-12-26,2025-12-28,"2025-12-26 13:38:43"
01KDDQFRZX1FD4QEFNX5RZWS2D,12884,USER,NULL,12884,01K9ZG775CSSPHP2QD4N058X65,Woocommerce,"2025-12-26 16:22:22",2025-12-26,2025-12-28,"2025-12-30 10:27:20"
01KDE6QM9KY5RQSP9VH0Z68FXK,12884,USER,NULL,12884,01KD5SF4GX2X07FC1Q8QF4F0CA,Gmail,"2025-12-26 20:48:48",2025-12-26,2025-12-28,"2025-12-26 22:31:18"
01KDRDGQS6ZCQM2NX34RKX76GJ,13565,USER,NULL,13565,01KD6F1F1W3N3JWSW39A3WWNBH,"Google Sheets","2025-12-30 19:59:46",2025-12-30,2026-01-04,"2025-12-30 19:59:46"
01KDRPEXCJ4MH41C0QYRHKSX0X,7125,USER,NULL,7125,01KDRMYHEBK0EBJ77WXF3BZRJ7,"Mercado Pago","2025-12-30 22:36:04",2025-12-30,2026-01-04,"2025-12-30 22:36:04"
01KE80HJAD5ABVD66M25Q0BW6G,10436,USER,NULL,10436,01KD5X2KCZ0CJXS84GQ6ARVK3N,"Agenda Pro","2026-01-05 21:20:53",2026-01-05,2026-01-11,"2026-01-08 13:51:57"
01KE9PPA7YSTZD66BH6M8CD5CF,10436,USER,NULL,10436,01KD42W7PY6Q53SMXEFEXMAC57,Alegra,"2026-01-06 13:07:12",2026-01-06,2026-01-11,"2026-01-06 13:07:12"
01KEAAK41SDX4F3N86KVV85M00,12968,USER,NULL,12968,01KDRMYHEBK0EBJ77WXF3BZRJ7,"Mercado Pago","2026-01-06 18:54:59",2026-01-06,2026-01-11,"2026-01-07 19:18:19"
01KEAENSKG28V10Q1Q9KEC06K6,7125,USER,NULL,7125,01KE9XBQH82YC6WQ8G1J1X9M3P,"Microsoft Outlook","2026-01-06 20:06:21",2026-01-06,2026-01-11,"2026-01-06 20:46:15"
01KECCHSDT7V38CKWXY9R984TV,7013,USER,NULL,7013,01KE9X2W36WDRQD4B9XQXJC7R9,Google,"2026-01-07 14:07:41",2026-01-07,2026-01-11,"2026-01-07 22:40:58"
01KECD32MX1257C4ER68PMP9EB,13934,USER,NULL,13934,01KDRMYHEBK0EBJ77WXF3BZRJ7,"Mercado Pago","2026-01-07 14:17:08",2026-01-07,2026-01-11,"2026-01-07 14:17:27"
01KECR87F2BH8E1A4WTAWM981V,13370,USER,NULL,13370,01KE9X3J9BX6FGS9ETGXQ6QHWW,"Google Tasks","2026-01-07 17:32:11",2026-01-07,2026-01-11,"2026-01-07 17:32:11"
01KECRYPASDMQ5FJFE0RCC4KMF,13370,USER,NULL,13370,01KE9X2ZABHPZVJBH9DZ923VZ6,"Google Calendar","2026-01-07 17:44:27",2026-01-07,2026-01-11,"2026-01-07 17:44:27"
01KECW50KXRN9305QF5D5W8GZ0,7013,USER,NULL,7013,01KE9X3D18650Y1T7EZGCH43MX,"Google Photos","2026-01-07 18:40:20",2026-01-07,2026-01-11,"2026-01-07 18:40:20"
01KECWRGFFDY7V5Y691VE8ZT4D,12011,USER,NULL,12011,01K9YRKF62SR6K682D7W017AN4,Stripe,"2026-01-07 18:50:58",2026-01-07,2026-01-11,"2026-01-07 18:50:58"
01KEDCH7FHSWYJEAYZYXGXZ0V8,13978,USER,NULL,13978,01KE9X2NMP5YAS955ZTKG0VNWZ,Gmail,"2026-01-07 23:26:37",2026-01-07,2026-01-11,"2026-01-07 23:26:37"
01KEDCSMRBKK3Y5GNA10VWBH3P,13978,USER,NULL,13978,01KE9XDZK9K45986557DCJCM6X,Notion,"2026-01-07 23:31:13",2026-01-07,2026-01-11,"2026-01-07 23:31:13"
01KEDMGV0GRR1P4XV771XSZZWG,2637,USER,NULL,2637,01K8VHDZR76SC4K6C7ARA5G5CC,Slack,"2026-01-08 01:46:13",2026-01-08,2026-01-11,"2026-01-08 01:46:13"
01KEEX16NRC6JGQB4X5S4MG3JX,12405,USER,NULL,12405,01KE9X2ZABHPZVJBH9DZ923VZ6,"Google Calendar","2026-01-08 13:34:12",2026-01-08,2026-01-11,"2026-01-08 13:34:12"
01KEEXSKGQ2MND6HZXK13WQAR6,13740,USER,NULL,13740,01K8VHDZR76SC4K6C7ARA5G5CC,Slack,"2026-01-08 13:47:32",2026-01-08,2026-01-11,"2026-01-08 13:47:32"
01KEEYRSCE1SC3XF4XYZK71PQQ,11788,USER,NULL,11788,01KE9XDZK9K45986557DCJCM6X,Notion,"2026-01-08 14:04:34",2026-01-08,2026-01-11,"2026-01-08 14:04:34"
01KEEZA6EY4XSB3TTSNTXMEJ93,8072,USER,NULL,8072,01K9YRKF62SR6K682D7W017AN4,Stripe,"2026-01-08 14:14:04",2026-01-08,2026-01-11,"2026-01-08 14:14:04"
01KEF06GZ6Z4TM068DXF8N3EGE,13740,USER,NULL,13740,01KE9X2NMP5YAS955ZTKG0VNWZ,Gmail,"2026-01-08 14:29:32",2026-01-08,2026-01-11,"2026-01-08 14:29:32"
01KEF0Q7VE54RYGGB0ZFN4DGDW,7013,USER,NULL,7013,01KE9X3728QC7MP37KPFTTVAPM,"Google Drive","2026-01-08 14:38:40",2026-01-08,2026-01-11,"2026-01-08 14:38:40"
01KEFGHS3JB4G9Z6R72XZ6RSTK,7013,USER,NULL,7013,01KE9X35JZRBY7HN47ET1BVK62,"Google Docs","2026-01-08 19:15:18",2026-01-08,2026-01-11,"2026-01-08 19:15:18"
01KEFY49SQVWHYDBWSWAXV2WBF,01KEFY0PX8QEGTA2483V6DNY3Q,ORGANIZATION,NULL,NULL,01K9ZG775CSSPHP2QD4N058X65,Woocommerce,"2026-01-08 23:12:37",2026-01-08,2026-01-11,"2026-02-13 20:47:10"
01KEHQD1EV05D5XRRVAGAQB676,12884,USER,NULL,12884,01KE9XDZK9K45986557DCJCM6X,Notion,"2026-01-09 15:53:32",2026-01-09,2026-01-11,"2026-01-09 15:53:32"
01KEJ55KAN1GDKP5HYK6M4PMF4,12122,USER,NULL,12122,01K8VHDZR76SC4K6C7ARA5G5CC,Slack,"2026-01-09 19:54:08",2026-01-09,2026-01-11,"2026-01-09 19:54:08"
01KEJ7KV4S81SG095V717S2KXE,12179,USER,NULL,12179,01KD6KRM8CQZ0042788SDAM3W6,Bitrix24,"2026-01-09 20:36:52",2026-01-09,2026-01-11,"2026-01-09 20:36:52"
01KEJAS0SSEP95PTKTYT2775AJ,12437,USER,NULL,12437,01KE9X3728QC7MP37KPFTTVAPM,"Google Drive","2026-01-09 21:32:07",2026-01-09,2026-01-11,"2026-01-09 21:32:07"
01KEQ8AQ6TY61QQNDS5ZQF2WN3,13158,USER,NULL,13158,01KE9XHB8PWJJ9XW8NFNMH61J8,Plaid,"2026-01-11 19:25:34",2026-01-11,2026-01-11,"2026-01-11 19:25:34"
01KEQ9BG84MWP7J3B0J4PT2TST,13740,USER,NULL,13740,01KE9WM08GZ3Y9K83G30A4G01N,Amazon,"2026-01-11 19:43:28",2026-01-11,2026-01-11,"2026-01-11 19:43:28"
01KEQHMCEKPGJZ9BKHZDW7TR37,14054,USER,NULL,14054,01KE9X2NMP5YAS955ZTKG0VNWZ,Gmail,"2026-01-11 22:08:08",2026-01-11,2026-01-11,"2026-01-11 22:08:08"
01KES6CMF80JWYSCNARCAGKHC0,13505,USER,NULL,13505,01KE9X2NMP5YAS955ZTKG0VNWZ,Gmail,"2026-01-12 13:30:08",2026-01-12,2026-01-18,"2026-01-12 20:03:07"
01KES8E888DD8NDAAPES59H0Z9,13312,USER,NULL,13312,01KE9X2NMP5YAS955ZTKG0VNWZ,Gmail,"2026-01-12 14:05:58",2026-01-12,2026-01-18,"2026-01-12 14:58:37"
01KESJGHNVA6N275G7A9S2Z4P0,13559,USER,NULL,13559,01KE9X2NMP5YAS955ZTKG0VNWZ,Gmail,"2026-01-12 17:01:59",2026-01-12,2026-01-18,"2026-01-12 17:01:59"
01KET0NJ579BDZ76WTFWYY9SBR,12122,USER,NULL,12122,01KE9XBQH82YC6WQ8G1J1X9M3P,"Microsoft Outlook","2026-01-12 21:09:24",2026-01-12,2026-01-18,"2026-01-14 15:12:35"
01KEVQRGME4461DAA6QZWH7DN9,10892,USER,NULL,10892,01KE9X2ZABHPZVJBH9DZ923VZ6,"Google Calendar","2026-01-13 13:12:12",2026-01-13,2026-01-18,"2026-02-05 19:35:20"
01KEVSJG369Y1NSKSFHBXXDE1M,13274,USER,NULL,13274,01KE9X5G2XY1MD0E9GVNXDQXG7,HubSpot,"2026-01-13 13:43:52",2026-01-13,2026-01-18,"2026-01-13 13:43:52"
01KEVZ2H4GZP01JZKV3XTN3JNK,12122,USER,NULL,12122,01KE9XBR50226V50Z6AGSVZHZV,"Microsoft Outlook Calendar","2026-01-13 15:20:00",2026-01-13,2026-01-18,"2026-01-13 20:30:24"
01KEW09ENGFE7BFHMTJ3GE032N,13505,USER,NULL,13505,01KDRMYHEBK0EBJ77WXF3BZRJ7,"Mercado Pago","2026-01-13 15:41:16",2026-01-13,2026-01-18,"2026-01-13 15:41:16"
01KEW1S25Q50V5K0HMGW3MF8S6,12122,USER,NULL,12122,01KE9X2NMP5YAS955ZTKG0VNWZ,Gmail,"2026-01-13 16:07:16",2026-01-13,2026-01-18,"2026-02-11 21:09:51"
01KEY2F32D8HQQAKSNWRJSXSC0,4892,USER,NULL,4892,01KE9X2ZABHPZVJBH9DZ923VZ6,"Google Calendar","2026-01-14 10:57:47",2026-01-14,2026-01-18,"2026-01-14 11:01:24"
01KEYJGDCANQ5TNCJJYQNBVS2H,12179,USER,NULL,12179,01KD42W7PY6Q53SMXEFEXMAC57,Alegra,"2026-01-14 15:38:07",2026-01-14,2026-01-18,"2026-01-14 15:38:07"
01KEYK1BJ2RCXTVRG00ZWX253P,12179,USER,NULL,12179,01KE9WQXJ5JR000PWM3XCP9E36,Calendly,"2026-01-14 15:47:22",2026-01-14,2026-01-18,"2026-01-14 15:47:22"
01KEYRNKR2QGZPX9D08B2J8XGZ,12179,USER,NULL,12179,01KE9WMWP7CWDACPG91HWA0QJA,Asana,"2026-01-14 17:25:49",2026-01-14,2026-01-18,"2026-01-14 17:25:49"
01KEYWKWPH434HP0QWD2T92Q4V,12402,USER,NULL,12402,01K9ZG775CSSPHP2QD4N058X65,Woocommerce,"2026-01-14 18:34:47",2026-01-14,2026-01-18,"2026-01-14 19:47:36"
01KEZ2RZQSH53XB1ACPHZDF31B,12011,USER,NULL,12011,01KD5X2KCZ0CJXS84GQ6ARVK3N,"Agenda Pro","2026-01-14 20:22:25",2026-01-14,2026-01-18,"2026-01-14 20:22:25"
01KEZ38J80DKNKZWW446FH2X0T,12179,USER,NULL,12179,01KE9WM121M58NZ7DC4NK996B6,"Amazon Alexa","2026-01-14 20:30:56",2026-01-14,2026-01-18,"2026-01-14 21:25:19"
01KEZ4XGFFGA3JRRPTNM6D0FWG,12179,USER,NULL,12179,01KE9WJJS3X38VHBMFD1W9PWWX,Adalo,"2026-01-14 20:59:51",2026-01-14,2026-01-18,"2026-01-14 20:59:51"
01KEZ8TWJM5M780RRKA8G23XQ4,8613,USER,NULL,8613,01KE9XVM5GSJ3MYCM4HE4V0G5F,TheSportsDB,"2026-01-14 22:08:19",2026-01-14,2026-01-18,"2026-01-14 22:08:19"
01KEZZY1MVGBVCQ00QA9XMN1X3,13233,USER,NULL,13233,01K8VHDZR76SC4K6C7ARA5G5CC,Slack,"2026-01-15 04:52:00",2026-01-15,2026-01-18,"2026-01-15 04:52:00"
01KF12Q99Y92D3Q2X1CBX23F8C,11800,USER,NULL,11800,01KE9XBR50226V50Z6AGSVZHZV,"Microsoft Outlook Calendar","2026-01-15 14:59:58",2026-01-15,2026-01-18,"2026-01-15 14:59:58"
01KF15DCZSM6EBT7FJW9H8CY37,10692,USER,NULL,10692,01KE9X2NMP5YAS955ZTKG0VNWZ,Gmail,"2026-01-15 15:47:00",2026-01-15,2026-01-18,"2026-01-15 15:47:00"
01KF163M4CQAGSDN84G7KZ8TWW,14142,USER,NULL,14142,01KE9X2NMP5YAS955ZTKG0VNWZ,Gmail,"2026-01-15 15:59:08",2026-01-15,2026-01-18,"2026-01-15 15:59:08"
01KF170HWZXSR97WYQ3A6X6R14,7651,USER,NULL,7651,01KE9X2ZABHPZVJBH9DZ923VZ6,"Google Calendar","2026-01-15 16:14:56",2026-01-15,2026-01-18,"2026-01-23 23:13:21"
01KF18XQX2TRJD5ZYYDE4C8Q6X,7013,USER,NULL,7013,01KACXTX15H5F779RX6VNGJTNG,Contifico,"2026-01-15 16:48:21",2026-01-15,2026-01-18,"2026-01-15 16:48:21"
01KF19KBW2TD07YT2KZH2XPTK7,7013,USER,NULL,7013,01KE9WJKCVH1D9HEQK2Y9QEC2M,"Add to Calendar PRO","2026-01-15 17:00:10",2026-01-15,2026-01-18,"2026-01-15 17:00:10"
01KF1BBXSGGJRBJVDZ75MP254W,13370,USER,NULL,13370,01KE9XRA8J9P3Z6YTAMM9F6XQ5,Slack,"2026-01-15 17:31:03",2026-01-15,2026-01-18,"2026-01-15 17:31:03"
01KF1F1S3XW27DT222J1HXJKDB,10436,USER,NULL,10436,01KD39X7C2RC64C8EE85T5V8EK,Facturama,"2026-01-15 18:35:25",2026-01-15,2026-01-18,"2026-01-15 18:42:53"
01KF47NV0FX0HMP63XYGVTRE8E,8613,USER,NULL,8613,01KE9WSM3YFJVRWABRPTY1WGJ5,ClickUp,"2026-01-16 20:24:17",2026-01-16,2026-01-18,"2026-01-16 20:24:17"
01KF47X94NKF60YGFJWENTXJFB,7649,USER,NULL,7649,01KE9WSM3YFJVRWABRPTY1WGJ5,ClickUp,"2026-01-16 20:28:21",2026-01-16,2026-01-18,"2026-01-16 20:28:21"
01KFBYE327ZF8AJCV99HRSME4W,14142,USER,NULL,14142,01KE9X2ZABHPZVJBH9DZ923VZ6,"Google Calendar","2026-01-19 20:16:42",2026-01-19,2026-01-25,"2026-01-19 20:16:42"
01KFDW6FFMPKCS8707BTERD7VR,4255,USER,NULL,4255,01KE9XRA8J9P3Z6YTAMM9F6XQ5,Slack,"2026-01-20 14:16:04",2026-01-20,2026-01-25,"2026-01-20 14:37:50"
01KFEZ0X27DFFNXBEFRCDYAVTR,10255,USER,NULL,10255,01KE9X3G3SM6E8HKNTJ65DS8CC,"Google Sheets","2026-01-21 00:24:41",2026-01-21,2026-01-25,"2026-01-21 00:24:41"
01KFF0ZPHKXSAZ5S196RZFRT98,14142,USER,NULL,14142,01KE9X3G3SM6E8HKNTJ65DS8CC,"Google Sheets","2026-01-21 00:58:59",2026-01-21,2026-01-25,"2026-01-21 20:58:43"
01KFGDET4J0P5RFMKSWJZBFEX7,13332,USER,NULL,13332,01KE9WSM3YFJVRWABRPTY1WGJ5,ClickUp,"2026-01-21 13:56:12",2026-01-21,2026-01-25,"2026-01-21 13:56:12"
01KFGN3QZB1SNPCSRG7S7PCEK1,14293,USER,NULL,14293,01KE9X0PFJXJTHV4GVHC0BBSGN,FireCrawl,"2026-01-21 16:09:57",2026-01-21,2026-01-25,"2026-01-21 16:51:09"
01KFGREC4H4ZYAD9RPD9ZTKX5K,8072,USER,NULL,8072,01KE9X2ZABHPZVJBH9DZ923VZ6,"Google Calendar","2026-01-21 17:08:12",2026-01-21,2026-01-25,"2026-01-21 17:08:12"
01KFH211SD5EX0XS6PX3T4SM0N,12522,USER,NULL,12522,01K9ZG775CSSPHP2QD4N058X65,Woocommerce,"2026-01-21 19:55:41",2026-01-21,2026-01-25,"2026-01-21 22:27:50"
01KFH7KYSTBPB6R9C0D06EF05R,13559,USER,NULL,13559,01K9ZG775CSSPHP2QD4N058X65,Woocommerce,"2026-01-21 21:33:23",2026-01-21,2026-01-25,"2026-01-23 19:36:43"
01KFHTZ43TQX1QW1851C9QMXHP,2637,USER,NULL,2637,01KE9X2ZABHPZVJBH9DZ923VZ6,"Google Calendar","2026-01-22 03:11:32",2026-01-22,2026-01-25,"2026-02-02 21:44:47"
01KFKHW16EBV7BWGR3F45GYDHA,12882,USER,NULL,12882,01KE9WSM3YFJVRWABRPTY1WGJ5,ClickUp,"2026-01-22 19:11:02",2026-01-22,2026-01-25,"2026-01-22 19:11:02"
01KFKRE53JW9W0E61YWF0CD0XF,13559,USER,NULL,13559,01KE9X0PFJXJTHV4GVHC0BBSGN,FireCrawl,"2026-01-22 21:05:48",2026-01-22,2026-01-25,"2026-01-22 21:05:48"
01KFM1HYFFPSWV8Z363F5PW7YD,7125,USER,NULL,7125,01KE9X0PFJXJTHV4GVHC0BBSGN,FireCrawl,"2026-01-22 23:45:09",2026-01-22,2026-01-25,"2026-01-22 23:45:09"
01KFNN4QQG2KZQKZ9X8J48K6C9,7125,USER,NULL,7125,01KE9X3G3SM6E8HKNTJ65DS8CC,"Google Sheets","2026-01-23 14:46:42",2026-01-23,2026-01-25,"2026-01-23 14:46:42"
01KFSJX2HEZ3KDGW5X3714NWA6,7125,USER,NULL,7125,01KE9XBR50226V50Z6AGSVZHZV,"Microsoft Outlook Calendar","2026-01-25 03:24:32",2026-01-25,2026-01-25,"2026-01-25 03:24:32"
01KFSPEKTDTBX47YJD8BP41K7X,14380,USER,NULL,14380,01KD5X2KCZ0CJXS84GQ6ARVK3N,"Agenda Pro","2026-01-25 04:26:32",2026-01-25,2026-01-25,"2026-01-25 04:26:32"
01KFV12KPRYXK7NE216V02PB0T,12179,USER,NULL,12179,01KE9X3G3SM6E8HKNTJ65DS8CC,"Google Sheets","2026-01-25 16:51:28",2026-01-25,2026-01-25,"2026-01-25 16:51:28"
01KFXBZ9V0J0MBX893TBMJ25ZD,14380,USER,NULL,14380,01KDRMYHEBK0EBJ77WXF3BZRJ7,"Mercado Pago","2026-01-26 14:40:22",2026-01-26,2026-02-01,"2026-01-26 14:40:22"
01KFXJ2H9K71M3P2RCWNY8T9NH,9706,USER,NULL,9706,01KE9X2NMP5YAS955ZTKG0VNWZ,Gmail,"2026-01-26 16:27:00",2026-01-26,2026-02-01,"2026-01-26 16:27:00"
01KFXNWNH3W6XH302GNMPPQMAT,14380,USER,NULL,14380,01K9T48CSSES7595YGR8X9YH7Y,Supabase,"2026-01-26 17:33:42",2026-01-26,2026-02-01,"2026-01-26 17:33:42"
01KG0G3JRJ0ZS75CRGZFFBT190,12437,USER,NULL,12437,01KE9WSM3YFJVRWABRPTY1WGJ5,ClickUp,"2026-01-27 19:50:20",2026-01-27,2026-02-01,"2026-01-27 19:51:32"
01KG0G4C1DTJX2GWW5S0BAZ5SY,12091,USER,NULL,12091,01KE9WSM3YFJVRWABRPTY1WGJ5,ClickUp,"2026-01-27 19:50:46",2026-01-27,2026-02-01,"2026-01-27 19:50:46"
01KG1FMCYNCT4MRJYDXF8MJ6E3,2637,USER,NULL,2637,01KE9X53T1KDMKZQY8E79GVCN3,"Home Assistant","2026-01-28 05:01:17",2026-01-28,2026-02-01,"2026-01-28 05:01:17"
01KG2F9ZZJ5PK00E2QSTBENFV8,12122,USER,NULL,12122,01KE9X2ZABHPZVJBH9DZ923VZ6,"Google Calendar","2026-01-28 14:14:51",2026-01-28,2026-02-01,"2026-01-28 14:14:51"
01KG2PGC5P5S6DTV4BMK66S53F,14312,USER,NULL,14312,01KE9XBRMCENBAPB6FZ28T0YVG,"Microsoft Power BI","2026-01-28 16:20:40",2026-01-28,2026-02-01,"2026-01-28 16:20:40"
01KG2QBJRZFRSPQQJE3QEBYVF5,10436,USER,NULL,10436,01KD6KRM8CQZ0042788SDAM3W6,Bitrix24,"2026-01-28 16:35:31",2026-01-28,2026-02-01,"2026-01-28 17:19:20"
01KG5QNQZ6ZG0Y08WNPJ7T0ZZR,13901,USER,NULL,13901,01KE9X0PFJXJTHV4GVHC0BBSGN,FireCrawl,"2026-01-29 20:38:48",2026-01-29,2026-02-01,"2026-01-29 20:38:48"
01KG5Y2D439PH08B66J69B4S54,8613,USER,NULL,8613,01KE9WXX94PSH8V2QS7CSM2YXN,Docusign,"2026-01-29 22:30:34",2026-01-29,2026-02-01,"2026-01-29 22:30:34"
01KG7N8BBPZ5T3B12J6NS4QKHR,11807,USER,NULL,11807,01K9ZG775CSSPHP2QD4N058X65,Woocommerce,"2026-01-30 14:35:00",2026-01-30,2026-02-01,"2026-02-04 15:12:37"
01KGJ3Z7YP9TD9K2FDN7XFA804,12179,USER,NULL,12179,01K9ZG775CSSPHP2QD4N058X65,Woocommerce,"2026-02-03 16:04:35",2026-02-03,2026-02-08,"2026-02-03 16:04:35"
01KGNY5XFCQZ7255DSXM80YEK2,13762,USER,NULL,13762,01K9ZG775CSSPHP2QD4N058X65,Woocommerce,"2026-02-05 03:40:20",2026-02-05,2026-02-08,"2026-02-05 03:40:20"
01KGSV816Z2K943XNN6PHKXW6A,14669,USER,NULL,14669,01KE9X2ZABHPZVJBH9DZ923VZ6,"Google Calendar","2026-02-06 16:06:01",2026-02-06,2026-02-08,"2026-02-06 16:06:01"
01KGSVYCJ24AT2QQF3DYK4T08P,11800,USER,NULL,11800,01KE9X3G3SM6E8HKNTJ65DS8CC,"Google Sheets","2026-02-06 16:18:14",2026-02-06,2026-02-08,"2026-02-06 16:18:14"
01KGT2F15HKSEYPG37CE1Z9GKX,4153,USER,NULL,4153,01KAE508CKNAZTTK5EDDXE5PJ5,Siigo,"2026-02-06 18:12:11",2026-02-06,2026-02-08,"2026-02-06 18:12:11"
01KGTYH4ET4EB0D6CHS41V580P,01K6BKJYH2HRECG47DE75KWASX,ORGANIZATION,2637,2637,01KE9X3G3SM6E8HKNTJ65DS8CC,"Google Sheets","2026-02-07 02:22:40",2026-02-07,2026-02-08,"2026-02-07 02:22:40"
01KGXMFD4AYJFKVN3EY5854MRK,01KFRSHCH5K4G3AGDWFMB8Z4JP,ORGANIZATION,14380,14380,01KE9X2ZABHPZVJBH9DZ923VZ6,"Google Calendar","2026-02-08 03:24:40",2026-02-08,2026-02-08,"2026-02-08 03:38:31"
01KGZBQ6PKANVWGK8NEVZ7G7FM,01KGZAPH6R9N3GX1D3Q3P9F1F5,ORGANIZATION,14783,14783,01KE9X2NMP5YAS955ZTKG0VNWZ,Gmail,"2026-02-08 19:30:08",2026-02-08,2026-02-08,"2026-02-08 19:30:08"
01KGZCF8PMAB28NDVJPN1RM7HK,01KGZBN0BJBAB47T2GFQQR76EK,ORGANIZATION,14797,14797,01KE9X2NMP5YAS955ZTKG0VNWZ,Gmail,"2026-02-08 19:43:16",2026-02-08,2026-02-08,"2026-02-08 19:43:16"
01KGZDCPMETCFJA00DAS0FFZ7E,14789,USER,14789,14789,01K9T48CSSES7595YGR8X9YH7Y,Supabase,"2026-02-08 19:59:21",2026-02-08,2026-02-08,"2026-02-08 19:59:21"
01KGZHBNRA71Y93B8D3S2PVPMX,13505,USER,13505,13505,01K9T48CSSES7595YGR8X9YH7Y,Supabase,"2026-02-08 21:08:41",2026-02-08,2026-02-08,"2026-02-08 21:08:41"
01KH18W13SCBB9M6YNWJBS3R4Q,8613,USER,8613,8613,01K9ZG775CSSPHP2QD4N058X65,Woocommerce,"2026-02-09 13:18:49",2026-02-09,2026-02-15,"2026-02-09 13:18:49"
01KH1BGXNXAXD9RQ55FH7T9FN9,01K6BKJYH2HRECG47DE75KWASX,ORGANIZATION,8440,8440,01KE9XRA8J9P3Z6YTAMM9F6XQ5,Slack,"2026-02-09 14:05:11",2026-02-09,2026-02-15,"2026-03-25 17:04:40"
01KH1Q3MFWB5CCRV6ZNF0S9HHP,01KEZ3C5DZXY4R3BNSECS66FX8,ORGANIZATION,14127,14127,01K9ZG775CSSPHP2QD4N058X65,Woocommerce,"2026-02-09 17:27:38",2026-02-09,2026-02-15,"2026-02-13 05:14:14"
01KH336WQKWSAFH2QD165HR5VX,14342,USER,14342,14342,01KG2ZX7JEDEA5TCVJSB287HF4,my-mcp-server,"2026-02-10 06:18:22",2026-02-10,2026-02-15,"2026-02-10 06:18:22"
01KH3X6F25BEQGB546TQVT81A3,01KEYAT8QPGNRPPDS42AK0MKZX,ORGANIZATION,14112,14112,01KE9WSM3YFJVRWABRPTY1WGJ5,ClickUp,"2026-02-10 13:52:31",2026-02-10,2026-02-15,"2026-02-10 13:52:31"
01KH436JDM3MSV96VS0Z1E1K6Y,01KH1E4ESQFD9DXESYCHCCJQVB,ORGANIZATION,14816,14816,01KE9X2ZABHPZVJBH9DZ923VZ6,"Google Calendar","2026-02-10 15:37:26",2026-02-10,2026-02-15,"2026-02-10 15:37:26"
01KH453ARMF5YYWR21ANPQDAQS,14615,USER,14615,14615,01KDRMYHEBK0EBJ77WXF3BZRJ7,"Mercado Pago","2026-02-10 16:10:37",2026-02-10,2026-02-15,"2026-02-10 16:10:37"
01KH4FKM4G0SYX9FYNYHV2P1VQ,01KCA9GKC22WJY4G07CBZC52W1,ORGANIZATION,13505,13505,01KE9X2ZABHPZVJBH9DZ923VZ6,"Google Calendar","2026-02-10 19:14:17",2026-02-10,2026-02-15,"2026-02-10 19:14:17"
01KH4N25PH34E9PENRW3SPKNRQ,01KEDQHX2XS6N56T2SK5SY95JH,ORGANIZATION,13983,13983,01KE9X2ZABHPZVJBH9DZ923VZ6,"Google Calendar","2026-02-10 20:49:36",2026-02-10,2026-02-15,"2026-02-10 20:49:36"
01KH4TAGHPB9TH9RSB6WEE8J5C,01KFPJDR4CCR994NMJXRX4J9WF,ORGANIZATION,14368,14368,01KE9X2ZABHPZVJBH9DZ923VZ6,"Google Calendar","2026-02-10 22:21:33",2026-02-10,2026-02-15,"2026-02-10 23:28:47"
01KH4YQRXBAV3TQC3WXJEJQGDE,01KH4YNQBMPS5P0H0ZDQ6RZQDJ,ORGANIZATION,14871,14871,01KE9X2ZABHPZVJBH9DZ923VZ6,"Google Calendar","2026-02-10 23:38:41",2026-02-10,2026-02-15,"2026-02-12 21:41:45"
01KH6AH61RMXBWT58YA420NX6X,12011,USER,12011,12011,01KAE508CKNAZTTK5EDDXE5PJ5,Siigo,"2026-02-11 12:24:03",2026-02-11,2026-02-15,"2026-02-11 12:24:03"
01KH6E2HS1X9NP6X5P8JDG9E8K,01K6BKJYH2HRECG47DE75KWASX,ORGANIZATION,7125,7125,01KE9X2NMP5YAS955ZTKG0VNWZ,Gmail,"2026-02-11 13:25:58",2026-02-11,2026-02-15,"2026-03-09 20:54:51"
01KH6FT5H51RTA58VPYR14DF7M,01K6BKNK120E00SR99Z31P1KAR,ORGANIZATION,4153,4153,01KE9WSM3YFJVRWABRPTY1WGJ5,ClickUp,"2026-02-11 13:56:20",2026-02-11,2026-02-15,"2026-02-11 13:56:20"
01KH6QEZZEE37ZHMEVPN5NMCYP,01K6BMMX333AM4QY45CVWSHV0M,ORGANIZATION,11807,11807,01KE9X2ZABHPZVJBH9DZ923VZ6,"Google Calendar","2026-02-11 16:10:03",2026-02-11,2026-02-15,"2026-02-11 16:10:03"
01KH6QXCF032SWZ2Y8V9GR9FEQ,7651,USER,7651,7651,01KE9X2NMP5YAS955ZTKG0VNWZ,Gmail,"2026-02-11 16:17:54",2026-02-11,2026-02-15,"2026-02-11 16:17:54"
01KH6RYQAG7Z4AK4S5ZD5HGHYP,01K6BKNK120E00SR99Z31P1KAR,ORGANIZATION,12873,12873,01KE9X2ZABHPZVJBH9DZ923VZ6,"Google Calendar","2026-02-11 16:36:07",2026-02-11,2026-02-15,"2026-03-18 22:00:12"
01KH73VJ73Z131QW4PGX8CFERF,14932,USER,14932,14932,01KCSR305CM0PCY1KPMEQPZVZZ,Odoo,"2026-02-11 19:46:37",2026-02-11,2026-02-15,"2026-02-11 21:12:12"
01KH7AN1FC0BF4P31T39MWFNFK,12122,USER,12122,12122,01KDRMYHEBK0EBJ77WXF3BZRJ7,"Mercado Pago","2026-02-11 21:45:24",2026-02-11,2026-02-15,"2026-02-11 21:45:24"
01KH7PQJ47RYMJKDZ6CTTXR6FF,01K6BKH5TEAGF9VVGDG2919S2V,ORGANIZATION,8000,8000,01KE9X2NMP5YAS955ZTKG0VNWZ,Gmail,"2026-02-12 01:16:29",2026-02-12,2026-02-15,"2026-02-12 01:16:29"
01KH84W2DGVY9831XHEE83RMEX,01K6BKJYH2HRECG47DE75KWASX,ORGANIZATION,8440,8440,01KE9X2ZABHPZVJBH9DZ923VZ6,"Google Calendar","2026-02-12 05:23:37",2026-02-12,2026-02-15,"2026-03-25 19:53:56"
01KH9807YMFAEQP8Y1S0VG0CA3,01KGJV7DN6Z77JZ92XBBJJEAKN,ORGANIZATION,14634,14634,01K9ZG775CSSPHP2QD4N058X65,Woocommerce,"2026-02-12 15:37:34",2026-02-12,2026-02-15,"2026-02-12 16:01:54"
01KH98PMC99TYTDNF3YE6S01BA,01K6BMMX333AM4QY45CVWSHV0M,ORGANIZATION,13382,13382,01KE9XNX7KF29V3AQD5M24KRVE,"SAP S/4HANA Cloud","2026-02-12 15:49:48",2026-02-12,2026-02-15,"2026-02-12 15:51:22"
01KH9XVKN67DMS2QVASJSA8MBN,01KH4YNQBMPS5P0H0ZDQ6RZQDJ,ORGANIZATION,14871,14871,01K9YRKF62SR6K682D7W017AN4,Stripe,"2026-02-12 21:59:31",2026-02-12,2026-02-15,"2026-02-12 22:24:33"
01KHBMP5S9WAJJZBTWC05ZBF5R,13158,USER,13158,13158,01KE9X2ZABHPZVJBH9DZ923VZ6,"Google Calendar","2026-02-13 13:57:44",2026-02-13,2026-02-15,"2026-02-13 13:57:44"
01KHBW84KMHB40B9KS1PXMSF81,12179,USER,12179,12179,01KE9X2NMP5YAS955ZTKG0VNWZ,Gmail,"2026-02-13 16:09:53",2026-02-13,2026-02-15,"2026-02-13 16:09:53"
01KHBWPRAQEHJC75WH5A0BKBE7,01K6BKNK120E00SR99Z31P1KAR,ORGANIZATION,01K6BKNK120E00SR99Z31P1KAR,01K6BKNK120E00SR99Z31P1KAR,01K8Q4CSGH2GWQJ2SWJ2CAZ4EP,shopify,"2026-02-13 16:17:52",2026-02-13,2026-02-15,"2026-02-23 17:47:31"
01KHBZ2FTRCYBP9R7QXE7HWEXH,01K6BMBDQV59MARWK984Q7XX8Y,ORGANIZATION,8613,8613,01KHBV3NSN68BA4Q93CHK2DCBQ,mercadopago-mcp,"2026-02-13 16:59:14",2026-02-13,2026-02-15,"2026-02-13 16:59:14"
01KHBZCZTNTEJYQ9B66ZZ0YM3D,01K6BMBDQV59MARWK984Q7XX8Y,ORGANIZATION,8613,8613,01KDRMYHEBK0EBJ77WXF3BZRJ7,"Mercado Pago","2026-02-13 17:04:58",2026-02-13,2026-02-15,"2026-02-16 17:08:47"
01KHC1RJ9JNSQR73FG8N0F73FQ,01KFMPS9H7B7Y8QSVCT0RY137A,ORGANIZATION,14342,14342,01K9T48CSSES7595YGR8X9YH7Y,Supabase,"2026-02-13 17:46:14",2026-02-13,2026-02-15,"2026-02-13 18:31:57"
01KHCKPJKZY8RRAMGFK6DYREQD,01K6BMBDQV59MARWK984Q7XX8Y,ORGANIZATION,01K6BMBDQV59MARWK984Q7XX8Y,01K6BMBDQV59MARWK984Q7XX8Y,01KHCJ33KTXK7HKQ64KWN3RTV8,"Jelou Shop","2026-02-13 22:59:43",2026-02-13,2026-02-15,"2026-02-19 19:25:09"
01KHCM8H9R1RYB0SKK8F1DQZ5T,01K6BKJYH2HRECG47DE75KWASX,ORGANIZATION,7125,7125,01KG30187XAB56M6VMJ8THXYD5,"Security Data","2026-02-13 23:09:32",2026-02-13,2026-02-15,"2026-02-19 20:15:07"
01KHCM939TT9VV5YW4YGJHHNCQ,01K6BKJYH2HRECG47DE75KWASX,ORGANIZATION,01K6BKJYH2HRECG47DE75KWASX,01K6BKJYH2HRECG47DE75KWASX,01KHCJ33KTXK7HKQ64KWN3RTV8,"Jelou Shop","2026-02-13 23:09:50",2026-02-13,2026-02-15,"2026-02-27 17:36:13"
01KHM183EKBDY7PZQB7JA9NMK6,01K6BMBDQV59MARWK984Q7XX8Y,ORGANIZATION,8613,8613,01K9YRKF62SR6K682D7W017AN4,Stripe,"2026-02-16 20:11:10",2026-02-16,2026-02-22,"2026-03-06 17:53:09"
01KHPQHNZBQQZNED5XWC9F922F,01KHP8ZTB7SNBFHSD7SDYZ9W8A,ORGANIZATION,15037,15037,01KDRMYHEBK0EBJ77WXF3BZRJ7,"Mercado Pago","2026-02-17 21:19:22",2026-02-17,2026-02-22,"2026-03-26 15:09:17"
01KHQGD549W95HCAT2K3FH0WZ2,01K6BKNK120E00SR99Z31P1KAR,ORGANIZATION,01K6BKNK120E00SR99Z31P1KAR,01K6BKNK120E00SR99Z31P1KAR,01KCQ8JZH5M2GV2ZPC5WE8963Z,Datil,"2026-02-18 04:33:48",2026-02-18,2026-02-22,"2026-02-25 13:20:19"
01KHRKWDSTWFDD6DDHDSXJ338D,01KHP8ZTB7SNBFHSD7SDYZ9W8A,ORGANIZATION,15037,15037,01KE9X2NMP5YAS955ZTKG0VNWZ,Gmail,"2026-02-18 14:53:48",2026-02-18,2026-02-22,"2026-02-18 14:53:48"
01KHRR8GSRK1SNQWVJ9HY8KJCJ,01K6BKNK120E00SR99Z31P1KAR,ORGANIZATION,5944,5944,01K9ZG775CSSPHP2QD4N058X65,Woocommerce,"2026-02-18 16:10:19",2026-02-18,2026-02-22,"2026-03-11 21:55:01"
01KHS1Z4QPCYV3R7HB7KFSBVK2,01K6BKNK120E00SR99Z31P1KAR,ORGANIZATION,01K6BKNK120E00SR99Z31P1KAR,01K6BKNK120E00SR99Z31P1KAR,01KE9XBQH82YC6WQ8G1J1X9M3P,"Microsoft Outlook","2026-02-18 18:59:57",2026-02-18,2026-02-22,"2026-02-18 20:58:31"
01KHS3XJXVGKRMFHDDFE1NCM6K,01KHP8ZTB7SNBFHSD7SDYZ9W8A,ORGANIZATION,15037,15037,01K8Q4CSGH2GWQJ2SWJ2CAZ4EP,shopify,"2026-02-18 19:34:03",2026-02-18,2026-02-22,"2026-02-18 19:34:03"
01KHS7X6MZD4GV9JM2QED4G6B0,01K6BKNK120E00SR99Z31P1KAR,ORGANIZATION,01K6BKNK120E00SR99Z31P1KAR,01K6BKNK120E00SR99Z31P1KAR,01KE9X3G3SM6E8HKNTJ65DS8CC,"Google Sheets","2026-02-18 20:43:45",2026-02-18,2026-02-22,"2026-02-18 20:58:30"
01KHS8WK9DW112074DK66STK16,01K6BKNK120E00SR99Z31P1KAR,ORGANIZATION,01K6BKNK120E00SR99Z31P1KAR,01K6BKNK120E00SR99Z31P1KAR,01KE9X35JZRBY7HN47ET1BVK62,"Google Docs","2026-02-18 21:00:54",2026-02-18,2026-02-22,"2026-02-18 21:17:13"
01KHT3Q8XANMY4CC41FABVA1AA,01KEYAT8QPGNRPPDS42AK0MKZX,ORGANIZATION,01KEYAT8QPGNRPPDS42AK0MKZX,01KEYAT8QPGNRPPDS42AK0MKZX,01KHCJ33KTXK7HKQ64KWN3RTV8,"Jelou Shop","2026-02-19 04:49:51",2026-02-19,2026-02-22,"2026-02-19 17:43:51"
01KHVA8N2KDYKGATTC4Y4F0GZH,01KHP8ZTB7SNBFHSD7SDYZ9W8A,ORGANIZATION,15037,15037,01KE9X3G3SM6E8HKNTJ65DS8CC,"Google Sheets","2026-02-19 16:03:26",2026-02-19,2026-02-22,"2026-03-12 16:20:31"
01KHVART9Z40WYA44RAZFGMQXH,01KC1XRZ3KCNQXKKA8PB8V8MQ7,ORGANIZATION,13370,13370,01KE9X2NMP5YAS955ZTKG0VNWZ,Gmail,"2026-02-19 16:12:16",2026-02-19,2026-02-22,"2026-03-04 18:48:13"
01KHVQJ2ED14XCWJTWTEAZ7QBG,01KGFFA57HMZHY2FZJ4BF36WWA,ORGANIZATION,14582,14582,01KE9X2NMP5YAS955ZTKG0VNWZ,Gmail,"2026-02-19 19:55:47",2026-02-19,2026-02-22,"2026-03-18 22:02:01"
01KHVX207V371KEVTNKN2ANC55,01K6BKNK120E00SR99Z31P1KAR,ORGANIZATION,12179,12179,01KE9WJW2QYNEQHB4KJQWGQ5V7,AerisWeather,"2026-02-19 21:31:51",2026-02-19,2026-02-22,"2026-02-19 21:31:51"
01KHW0S2870YN9TF0YJYPAWT2N,01KBDZKSXYQZB9R80RTWV58YYJ,ORGANIZATION,13208,13208,01KE9X2ZABHPZVJBH9DZ923VZ6,"Google Calendar","2026-02-19 22:36:53",2026-02-19,2026-02-22,"2026-02-19 22:36:53"
01KHXTXP9MB4EM5RS1S3VEZAGH,01KH6MDJGH41K30KYKS3D4FQA7,ORGANIZATION,14929,14929,01KE9X2ZABHPZVJBH9DZ923VZ6,"Google Calendar","2026-02-20 15:33:02",2026-02-20,2026-02-22,"2026-02-20 15:33:02"
01KHXVH7FDHD1B77BMBJ108Z6Y,01KH1E4ESQFD9DXESYCHCCJQVB,ORGANIZATION,14816,14816,01KDRMYHEBK0EBJ77WXF3BZRJ7,"Mercado Pago","2026-02-20 15:43:42",2026-02-20,2026-02-22,"2026-02-20 15:43:42"
01KHXXRM7EBP57YK4V12G06ASP,01KAF3WXQJG05QAF0FM7CGGB06,ORGANIZATION,12968,12968,01KE9X2NMP5YAS955ZTKG0VNWZ,Gmail,"2026-02-20 16:22:42",2026-02-20,2026-02-22,"2026-02-20 16:22:42"
01KHY1SF8SKX13MQC94EQNQE4Z,01K6BMBDQV59MARWK984Q7XX8Y,ORGANIZATION,8613,8613,01K8Q4CSGH2GWQJ2SWJ2CAZ4EP,shopify,"2026-02-20 17:33:04",2026-02-20,2026-02-22,"2026-02-20 17:33:04"
01KJ1ERQ9C7SBB53BTW27YGSJZ,01K6BKNK120E00SR99Z31P1KAR,ORGANIZATION,5928,5928,01KE9X5G2XY1MD0E9GVNXDQXG7,HubSpot,"2026-02-22 01:17:34",2026-02-22,2026-02-22,"2026-03-22 01:35:49"
01KJ381JS2AH2M4H293PHKFF9K,01KDKZQZB96D1E5HYGSY53W3PQ,ORGANIZATION,13762,13762,01KE9X2NMP5YAS955ZTKG0VNWZ,Gmail,"2026-02-22 17:58:33",2026-02-22,2026-02-22,"2026-02-22 17:58:33"
01KJ5M5EYJTHHJAE6KE8X37DRA,01K6BKNK120E00SR99Z31P1KAR,ORGANIZATION,12179,12179,01KE9WJ6PKF8WHJMR6VGMPM1EJ,2Captcha,"2026-02-23 16:08:52",2026-02-23,2026-03-01,"2026-02-23 16:08:52"
01KJ5MJTHAJ7JX5QJXFSQXV1SY,01KGJQQMAMC2CDDQ9GQDB45VS3,ORGANIZATION,14633,14633,01KHCJ33KTXK7HKQ64KWN3RTV8,"Jelou Shop","2026-02-23 16:16:10",2026-02-23,2026-03-01,"2026-02-23 16:16:10"
01KJ5MN42YB5QDD3072QKYR2QG,01K6BMJER2NQ21DV6QAWCFWYYT,ORGANIZATION,10943,10943,01KHCJ33KTXK7HKQ64KWN3RTV8,"Jelou Shop","2026-02-23 16:17:25",2026-02-23,2026-03-01,"2026-02-23 16:17:25"
01KJ5NFDB6TAPJKYN291RT0R9V,01KH6N4JZWB7JX9H1CNXBDRMJA,ORGANIZATION,14932,14932,01KCSR305CM0PCY1KPMEQPZVZZ,Odoo,"2026-02-23 16:31:47",2026-02-23,2026-03-01,"2026-02-23 16:31:47"
01KJ5QQMY2MH5MDCCAMSMJ5MD8,01KF21GK2RSCYF11QSEJ1Y0PMG,ORGANIZATION,14164,14164,01KHCJ33KTXK7HKQ64KWN3RTV8,"Jelou Shop","2026-02-23 17:11:14",2026-02-23,2026-03-01,"2026-02-23 17:11:14"
01KJ6E0Y01R79XN7RA9VXQ56G7,01K6BMMX333AM4QY45CVWSHV0M,ORGANIZATION,13937,13937,01KE9WSM3YFJVRWABRPTY1WGJ5,ClickUp,"2026-02-23 23:40:46",2026-02-23,2026-03-01,"2026-02-23 23:40:46"
01KJ7ZF89HCKCE6QGHKTQ84KK6,01K6BKH5TEAGF9VVGDG2919S2V,ORGANIZATION,13650,13650,01KE9X2ZABHPZVJBH9DZ923VZ6,"Google Calendar","2026-02-24 14:04:56",2026-02-24,2026-03-01,"2026-02-24 14:04:56"
01KJ80B83Y6Z6J4WRN7NWJHENG,01KH9VYTY0XPPJ0VGF9F2XCP4F,ORGANIZATION,14972,14972,01KACXTX15H5F779RX6VNGJTNG,Contifico,"2026-02-24 14:20:13",2026-02-24,2026-03-01,"2026-02-24 14:20:13"
01KJ85DST4TPK0RMRXSE55X45S,01KJ830BHVY7RMPXQMHRRBKSKD,ORGANIZATION,15235,15235,01KDRMYHEBK0EBJ77WXF3BZRJ7,"Mercado Pago","2026-02-24 15:49:00",2026-02-24,2026-03-01,"2026-02-24 15:49:00"
01KJ85VN5WC0CPK6NYT0CHAAM8,01KGFFA57HMZHY2FZJ4BF36WWA,ORGANIZATION,14582,14582,01K8Q4CSGH2GWQJ2SWJ2CAZ4EP,shopify,"2026-02-24 15:56:34",2026-02-24,2026-03-01,"2026-02-26 16:00:15"
01KJ865WDJJTKMFDVATYJX8CT7,01KJ8256JY6QS50Q8R4B0EA06H,ORGANIZATION,15232,15232,01KHCJ33KTXK7HKQ64KWN3RTV8,"Jelou Shop","2026-02-24 16:02:09",2026-02-24,2026-03-01,"2026-02-24 16:02:09"
01KJ888CFP0SPWE2VX206MMFJ9,01K6BM29HCEW1G6BG4KW216QBT,ORGANIZATION,8393,8393,01KHCJ33KTXK7HKQ64KWN3RTV8,"Jelou Shop","2026-02-24 16:38:28",2026-02-24,2026-03-01,"2026-02-24 16:38:28"
01KJ8GJY19TR93ESJF3TMPS1CG,01KBFS77B8QTV5M58J17VQNSXZ,ORGANIZATION,13236,13236,01K9YRKF62SR6K682D7W017AN4,Stripe,"2026-02-24 19:04:02",2026-02-24,2026-03-01,"2026-02-24 19:04:02"
01KJ8KSPQQGD3QC05KNNBFMN06,01K6BM7DMJXFC7Z3M1T9M29W65,ORGANIZATION,7736,7736,01KE9X2ZABHPZVJBH9DZ923VZ6,"Google Calendar","2026-02-24 20:00:10",2026-02-24,2026-03-01,"2026-02-24 20:00:10"
01KJ8MK07FTS0Y96VQ2EJCJY0P,01K6BKQ6TQZSJATVS546X8S9BY,ORGANIZATION,12231,12231,01KE9X2ZABHPZVJBH9DZ923VZ6,"Google Calendar","2026-02-24 20:13:59",2026-02-24,2026-03-01,"2026-02-24 20:13:59"
01KJ8P1HRPW5Q2HJVBXTR6S5ED,01KC1XRZ3KCNQXKKA8PB8V8MQ7,ORGANIZATION,13370,13370,01KE9X2ZABHPZVJBH9DZ923VZ6,"Google Calendar","2026-02-24 20:39:24",2026-02-24,2026-03-01,"2026-03-04 21:51:44"
01KJ8SK9ZZKKR5GGKGJ6DKAH7W,01KAF3WXQJG05QAF0FM7CGGB06,ORGANIZATION,12968,12968,01KE9X2ZABHPZVJBH9DZ923VZ6,"Google Calendar","2026-02-24 21:41:32",2026-02-24,2026-03-01,"2026-02-24 21:41:32"
01KJAFWX4ZBA765TJ68W1AVXVH,01K6BMDAX3NXEJ4RW7TNQ8S7NJ,ORGANIZATION,9335,9335,01KHCJ33KTXK7HKQ64KWN3RTV8,"Jelou Shop","2026-02-25 13:30:29",2026-02-25,2026-03-01,"2026-02-25 13:30:29"
01KJAKMYP91FB20NY0MH3S41Y6,01KJAH6VZS6K62RQTH72EDSY9Z,ORGANIZATION,15276,15276,01K9ZG775CSSPHP2QD4N058X65,Woocommerce,"2026-02-25 14:36:03",2026-02-25,2026-03-01,"2026-02-25 14:36:03"
01KJAKZRQRE7F66ZXCDSDXAD1G,01K6BKNE4A4EK81TZWVE22SYJX,ORGANIZATION,2912,2912,01KHCJ33KTXK7HKQ64KWN3RTV8,"Jelou Shop","2026-02-25 14:41:58",2026-02-25,2026-03-01,"2026-02-25 14:41:58"
01KJAM5K8Y0KMTZ53JA8VRYGJK,01K6BMHNEC4VTFGJY273KV44WG,ORGANIZATION,10741,10741,01KHCJ33KTXK7HKQ64KWN3RTV8,"Jelou Shop","2026-02-25 14:45:09",2026-02-25,2026-03-01,"2026-02-25 14:45:09"
01KJAQGAECWXBAX05JQ04XHWEZ,01KE9TN8NVXHB8RETPDWN2CNRT,ORGANIZATION,13913,13913,01KE9X2ZABHPZVJBH9DZ923VZ6,"Google Calendar","2026-02-25 15:43:26",2026-02-25,2026-03-01,"2026-02-25 15:43:26"
01KJAVAAZATYY39ZNTNMJN32WV,01KGN0TMPGMP06K9Y081AVEQDJ,ORGANIZATION,14669,14669,01KE9X2ZABHPZVJBH9DZ923VZ6,"Google Calendar","2026-02-25 16:50:04",2026-02-25,2026-03-01,"2026-02-25 16:50:04"
01KJAW60N2197H7XT2NVWRKXKS,01KGN0TMPGMP06K9Y081AVEQDJ,ORGANIZATION,14669,14669,01K8Q4CSGH2GWQJ2SWJ2CAZ4EP,shopify,"2026-02-25 17:05:11",2026-02-25,2026-03-01,"2026-02-25 17:05:11"
01KJAYTWHY77EK0P3ZBEA7GD31,01K6BMF84T8V95CTQFBKFFMS2A,ORGANIZATION,9887,9887,01KHCJ33KTXK7HKQ64KWN3RTV8,"Jelou Shop","2026-02-25 17:51:32",2026-02-25,2026-03-01,"2026-02-25 17:51:32"
01KJB96ZZCC1HNEKMDAE8NJR1S,01KJB95JSH7F5AWC7F6T62YRRZ,ORGANIZATION,15305,15305,01K9ZG775CSSPHP2QD4N058X65,Woocommerce,"2026-02-25 20:52:54",2026-02-25,2026-03-01,"2026-02-25 20:52:54"
01KJC08JKA0S145AGTQZN3FMQZ,01KJBZJ7PZGZ42JYK1WHTXK913,ORGANIZATION,15325,15325,01KE9X3G3SM6E8HKNTJ65DS8CC,"Google Sheets","2026-02-26 03:35:43",2026-02-26,2026-03-01,"2026-02-26 03:35:43"
01KJC0TEB46MBB5V1H8JKRMAWE,01KJBZJ7PZGZ42JYK1WHTXK913,ORGANIZATION,15325,15325,01KE9XD8YB15EKQ2BHVQTYPY1K,Neon,"2026-02-26 03:45:29",2026-02-26,2026-03-01,"2026-02-26 03:45:29"
01KJD3JT30P1K7TS4ZTSA4CJFX,01KJD391CX1SMHEJ40Y1SQ26DT,ORGANIZATION,15331,15331,01K8Q4CSGH2GWQJ2SWJ2CAZ4EP,shopify,"2026-02-26 13:52:59",2026-02-26,2026-03-01,"2026-02-26 22:04:40"
01KJD7G9EQAYRPGX33Z4979CX0,01KF13BC3T0FS44Q2AQNJE9NMB,ORGANIZATION,14142,14142,01K8Q4CSGH2GWQJ2SWJ2CAZ4EP,shopify,"2026-02-26 15:01:31",2026-02-26,2026-03-01,"2026-02-26 17:00:10"
01KJDDRX5JXT30FDQHXSNH6PZ9,01KHRE3FP2G50PAJBV0PYW65BY,ORGANIZATION,15053,15053,01KE9WSM3YFJVRWABRPTY1WGJ5,ClickUp,"2026-02-26 16:51:05",2026-02-26,2026-03-01,"2026-02-26 16:51:05"
01KJDEB49EKJMMKR0X7XPDYZBV,01K6BMJKR3QVZM3H2579H2D2QH,ORGANIZATION,11112,11112,01KHCJ33KTXK7HKQ64KWN3RTV8,"Jelou Shop","2026-02-26 17:01:02",2026-02-26,2026-03-01,"2026-02-26 17:01:02"
01KJDEBHX849RTX2QYWY70KRER,01KH6TEXC80X4CAKV1VDQJFNQD,ORGANIZATION,14936,14936,01K8Q4CSGH2GWQJ2SWJ2CAZ4EP,shopify,"2026-02-26 17:01:16",2026-02-26,2026-03-01,"2026-02-27 15:27:00"
01KJDJAXW8XSJ87BSYS2QH928K,01K6BMBDQV59MARWK984Q7XX8Y,ORGANIZATION,8613,8613,01KJBDEDQQ11MAHQJGWZYRTW98,"De Una","2026-02-26 18:10:49",2026-02-26,2026-03-01,"2026-03-19 17:09:09"
01KJDVGP10BV989G5PPWVDF7CD,01K6BMJ7837B2QSE7HZDXHNSY3,ORGANIZATION,10892,10892,01K8Q4CSGH2GWQJ2SWJ2CAZ4EP,shopify,"2026-02-26 20:51:15",2026-02-26,2026-03-01,"2026-02-26 20:51:15"
01KJDW0877S31HZ6MFCZQ1D3MG,01K6BMJER2NQ21DV6QAWCFWYYT,ORGANIZATION,10943,10943,01K9ZG775CSSPHP2QD4N058X65,Woocommerce,"2026-02-26 20:59:45",2026-02-26,2026-03-01,"2026-02-26 20:59:45"
01KJE5Z38W887HQ4DZS5SPVE1B,01KH6KMX2WZ73NDXRNWQWKNWY7,ORGANIZATION,14928,14928,01KHCJ33KTXK7HKQ64KWN3RTV8,"Jelou Shop","2026-02-26 23:53:53",2026-02-26,2026-03-01,"2026-02-26 23:53:53"
01KJE8JGMYEA4DQW03YJV5MCMB,01KJD391CX1SMHEJ40Y1SQ26DT,ORGANIZATION,15331,15331,01KE9X2ZABHPZVJBH9DZ923VZ6,"Google Calendar","2026-02-27 00:39:27",2026-02-27,2026-03-01,"2026-02-27 00:39:27"
01KJFJXVM4RAD20D73A40X9M1N,01KEYAT8QPGNRPPDS42AK0MKZX,ORGANIZATION,14112,14112,01KE9X2ZABHPZVJBH9DZ923VZ6,"Google Calendar","2026-02-27 12:59:39",2026-02-27,2026-03-01,"2026-02-27 12:59:39"
01KJFMK2MJM2FTEW4YM6X8JRXG,01KEYAT8QPGNRPPDS42AK0MKZX,ORGANIZATION,14112,14112,01K8Q4CSGH2GWQJ2SWJ2CAZ4EP,shopify,"2026-02-27 13:28:42",2026-02-27,2026-03-01,"2026-02-27 13:28:42"
01KJFRAWGTM612Q464T5MRA30W,01KJFQX38MQDASTW72ZTP4TKS4,ORGANIZATION,15396,15396,01KHCJ33KTXK7HKQ64KWN3RTV8,"Jelou Shop","2026-02-27 14:34:08",2026-02-27,2026-03-01,"2026-02-27 14:34:08"
01KJFT5MG3MR97V6MYC67EY3YF,01KJFQ6N42DHJNA9XCEQ4VTDTV,ORGANIZATION,15394,15394,01K8Q4CSGH2GWQJ2SWJ2CAZ4EP,shopify,"2026-02-27 15:06:13",2026-02-27,2026-03-01,"2026-02-27 20:36:16"
01KJFZSB40Y96YF7KGE9FB6SJA,01KJFQ6N42DHJNA9XCEQ4VTDTV,ORGANIZATION,15394,15394,01KE9X2ZABHPZVJBH9DZ923VZ6,"Google Calendar","2026-02-27 16:44:22",2026-02-27,2026-03-01,"2026-02-27 20:21:50"
01KJH0TCJDW20MHHPRK7FKJS79,01K6BMJ1B4ZGW88NRR8NDQE6YG,ORGANIZATION,10845,10845,01KHCJ33KTXK7HKQ64KWN3RTV8,"Jelou Shop","2026-02-28 02:21:39",2026-02-28,2026-03-01,"2026-02-28 02:21:39"
01KJKRMR2NWQW64XJNX1T68X40,01KJKEEZ5WKP4MRXYQ3EYP9GMG,ORGANIZATION,15450,15450,01KHCJ33KTXK7HKQ64KWN3RTV8,"Jelou Shop","2026-03-01 03:56:29",2026-03-01,2026-03-01,"2026-03-01 03:56:29"
01KJNJ4RRYHB5E0GXCFG4JHD6H,01KE9QZQP5ARVRSSW9WXAK0S3Y,ORGANIZATION,13910,13910,01KHCJ33KTXK7HKQ64KWN3RTV8,"Jelou Shop","2026-03-01 20:41:23",2026-03-01,2026-03-01,"2026-03-01 20:41:23"
01KJPBA667E2B9ESCTG1Z4QN4T,01KJ8256JY6QS50Q8R4B0EA06H,ORGANIZATION,15232,15232,01KE9WKFKNC6HA67QRD1WXDJ7P,Airtable,"2026-03-02 04:01:15",2026-03-02,2026-03-08,"2026-03-02 04:01:15"
01KJQDR1P1GYA0E1GWP03EGCFY,01KH6TEXC80X4CAKV1VDQJFNQD,ORGANIZATION,14936,14936,01KE9X2NMP5YAS955ZTKG0VNWZ,Gmail,"2026-03-02 14:03:01",2026-03-02,2026-03-08,"2026-03-02 14:03:01"
01KJQR6C9A5V1AD1C69SFQ1DA5,01K6BMMX333AM4QY45CVWSHV0M,ORGANIZATION,11812,11812,01KHCJ33KTXK7HKQ64KWN3RTV8,"Jelou Shop","2026-03-02 17:05:36",2026-03-02,2026-03-08,"2026-03-02 17:05:36"
01KJR53XY5AGW0G3Q4ZTAAZAH6,01K6BKJYH2HRECG47DE75KWASX,ORGANIZATION,10436,10436,01KCPXN7G12R0844JJ54YN8FZW,Calendly,"2026-03-02 20:51:27",2026-03-02,2026-03-08,"2026-03-20 15:25:09"
01KJRHMDM0JDM2PFV7A9K75NH4,01K6BM5NY8AZEWWRNTZTKCNCQP,ORGANIZATION,10262,10262,01KE9X2ZABHPZVJBH9DZ923VZ6,"Google Calendar","2026-03-03 00:30:11",2026-03-03,2026-03-08,"2026-03-03 00:30:11"
01KJRJET4AQABE080QYVZS3JWC,01KJ8256JY6QS50Q8R4B0EA06H,ORGANIZATION,15232,15232,01KE9X2ZABHPZVJBH9DZ923VZ6,"Google Calendar","2026-03-03 00:44:35",2026-03-03,2026-03-08,"2026-03-03 00:44:35"
01KJT1SQ3EZKK8PENY8YXDCGY0,01KHRE3FP2G50PAJBV0PYW65BY,ORGANIZATION,15053,15053,01KJQQN58BCC7XJT3854SSP76X,"Jelou KYC","2026-03-03 14:31:56",2026-03-03,2026-03-08,"2026-03-03 14:31:56"
01KJT5V6QA6RA67ZYH9SJEP9ZC,01KGG45WXJQGMW447Y8JQE6ZFS,ORGANIZATION,14599,14599,01KE9X3G3SM6E8HKNTJ65DS8CC,"Google Sheets","2026-03-03 15:42:39",2026-03-03,2026-03-08,"2026-03-03 15:42:39"
01KJTCPGR1Y10C4RA2AH0YGAXW,01K6BMMX333AM4QY45CVWSHV0M,ORGANIZATION,12328,12328,01KE9X3728QC7MP37KPFTTVAPM,"Google Drive","2026-03-03 17:42:25",2026-03-03,2026-03-08,"2026-03-03 17:42:25"
01KJTCS26WK4X2WP1YAEF48W5N,01K6BMFTB82FHBX101C3XRQZVF,ORGANIZATION,10078,10078,01KE9XQA1P7KNTM1ERC36R71BG,"Microsoft Sharepoint","2026-03-03 17:43:49",2026-03-03,2026-03-08,"2026-03-03 17:43:49"
01KJTJY0E3RPRQC0CCHBTGSTHQ,01KCQ1XM6NWCZHHF5WEFGD96CB,ORGANIZATION,13601,13601,01KE9X2ZABHPZVJBH9DZ923VZ6,"Google Calendar","2026-03-03 19:31:22",2026-03-03,2026-03-08,"2026-03-03 19:31:22"
01KJTK44X3QEYC1CRGAASMV9WB,01K6BMBDQV59MARWK984Q7XX8Y,ORGANIZATION,8613,8613,01KJQQN58BCC7XJT3854SSP76X,"Jelou KYC","2026-03-03 19:34:43",2026-03-03,2026-03-08,"2026-03-24 19:43:52"
01KJTMN5J8RBRVYXAJXXVJF4W3,01K6BMNYD8ZMEMEVPB5PP60REH,ORGANIZATION,11884,11884,01KHCJ33KTXK7HKQ64KWN3RTV8,"Jelou Shop","2026-03-03 20:01:30",2026-03-03,2026-03-08,"2026-03-03 20:01:30"
01KJTMZA4VQYZA2627T7HHZPQ9,01K6BMFTB82FHBX101C3XRQZVF,ORGANIZATION,10078,10078,01KE9XBPS08AFY703X880FTR55,"Microsoft OneDrive","2026-03-03 20:07:02",2026-03-03,2026-03-08,"2026-03-03 20:07:02"
01KJTN5N3SAMA6YZG7GAVJMR33,01KGZBBX7FKTQ5FN29JA8VJJQF,ORGANIZATION,14804,14804,01KE9X2NMP5YAS955ZTKG0VNWZ,Gmail,"2026-03-03 20:10:30",2026-03-03,2026-03-08,"2026-03-03 20:10:30"
01KJTNHE6ZS66CRATPRX250HD4,01KEYAT8QPGNRPPDS42AK0MKZX,ORGANIZATION,14112,14112,01KJQQN58BCC7XJT3854SSP76X,"Jelou KYC","2026-03-03 20:16:56",2026-03-03,2026-03-08,"2026-03-03 20:16:56"
01KJTQ5R6HQEZZ1RB3K2QP061J,01K6BMBDQV59MARWK984Q7XX8Y,ORGANIZATION,8613,8613,01KJQPYDD3G5TQ94NGAFJRK2ZV,elevenlabs,"2026-03-03 20:45:30",2026-03-03,2026-03-08,"2026-03-03 20:45:30"
01KJTWRZ457TF4SMDXNQN25YVQ,01K6BMBDQV59MARWK984Q7XX8Y,ORGANIZATION,8613,8613,01KJD7F7SHQTPZYCTEPNTF0EA0,payphone,"2026-03-03 22:23:23",2026-03-03,2026-03-08,"2026-03-17 15:56:28"
01KJTXQM8GM5ZZAM2VJ0M3ZBD7,01KJT5E3T25P2J0F6P8V8Q34RW,ORGANIZATION,15526,15526,01KCSR305CM0PCY1KPMEQPZVZZ,Odoo,"2026-03-03 22:40:07",2026-03-03,2026-03-08,"2026-03-03 22:40:07"
01KJVHMXGZ2ZCKP6B15JAC51S6,01K6BMEQV48B42V4X1FXDS03V2,ORGANIZATION,10375,10375,01KE9X2ZABHPZVJBH9DZ923VZ6,"Google Calendar","2026-03-04 04:28:10",2026-03-04,2026-03-08,"2026-03-04 04:28:10"
01KJWKMM2Y6B0XTFM9C1YJB7Q9,01KBFS77B8QTV5M58J17VQNSXZ,ORGANIZATION,13236,13236,01KE9X2ZABHPZVJBH9DZ923VZ6,"Google Calendar","2026-03-04 14:22:12",2026-03-04,2026-03-08,"2026-03-04 14:22:12"
01KJWKR1NAVW7DMBZ79GQ11QJ0,01KBFS77B8QTV5M58J17VQNSXZ,ORGANIZATION,13236,13236,01KE9XBR50226V50Z6AGSVZHZV,"Microsoft Outlook Calendar","2026-03-04 14:24:04",2026-03-04,2026-03-08,"2026-03-04 14:24:04"
01KJWSJ1RF4J4CNS3WWMENP87W,01K6BKNK120E00SR99Z31P1KAR,ORGANIZATION,7651,7651,01KE9X0PFJXJTHV4GVHC0BBSGN,FireCrawl,"2026-03-04 16:05:39",2026-03-04,2026-03-08,"2026-03-04 16:05:39"
01KJWSP9DKBKJV9K2F0ZJ7SPS1,01K6BKNK120E00SR99Z31P1KAR,ORGANIZATION,11788,11788,01KDRMYHEBK0EBJ77WXF3BZRJ7,"Mercado Pago","2026-03-04 16:07:58",2026-03-04,2026-03-08,"2026-03-26 13:51:12"
01KJWZP46T84BHJ3XJZ3H1G83Q,01KGJJT7FB3YQ03BJZ0X6SSYJN,ORGANIZATION,14629,14629,01KHCJ33KTXK7HKQ64KWN3RTV8,"Jelou Shop","2026-03-04 17:52:44",2026-03-04,2026-03-08,"2026-03-04 17:52:44"
01KJX0C0FKZQTEDNAT7P73YNSG,01KJD8R1BPST168BAQWXJNG7DK,ORGANIZATION,15341,15341,01KHCJ33KTXK7HKQ64KWN3RTV8,"Jelou Shop","2026-03-04 18:04:41",2026-03-04,2026-03-08,"2026-03-04 18:04:41"
01KJX9PG5D1J7JMMAAQYS7Q655,01KGN0TMPGMP06K9Y081AVEQDJ,ORGANIZATION,14669,14669,01KHCJ33KTXK7HKQ64KWN3RTV8,"Jelou Shop","2026-03-04 20:47:42",2026-03-04,2026-03-08,"2026-03-04 20:47:42"
01KJXB7790E5VF4SM4WS0RC4S3,01K6BMDAX3NXEJ4RW7TNQ8S7NJ,ORGANIZATION,9335,9335,01KE9X2NMP5YAS955ZTKG0VNWZ,Gmail,"2026-03-04 21:14:19",2026-03-04,2026-03-08,"2026-03-04 21:14:19"
01KJXB8JRAY107CGZ95F4K9JW4,01K6BMDKB993C0H4ZQBH8S499Z,ORGANIZATION,9548,9548,01KHCJ33KTXK7HKQ64KWN3RTV8,"Jelou Shop","2026-03-04 21:15:03",2026-03-04,2026-03-08,"2026-03-04 21:15:03"
01KJXE6A6ZMZ1YDYFQ86VW1ZY2,01K6BKNK120E00SR99Z31P1KAR,ORGANIZATION,12122,12122,01KJQQN58BCC7XJT3854SSP76X,"Jelou KYC","2026-03-04 22:06:15",2026-03-04,2026-03-08,"2026-03-19 17:21:32"
01KJXHDDHK6Y08HDZHM0F3ZQFG,01KF21V9V6M1GJJRCR6QQKH966,ORGANIZATION,14165,14165,01KE9X2NMP5YAS955ZTKG0VNWZ,Gmail,"2026-03-04 23:02:33",2026-03-04,2026-03-08,"2026-03-05 21:00:49"
01KJXXHFWD7NDXA4TAW9ZJF0GQ,01KJXWYQNEBVYBPSJ9PD7RS7ZB,ORGANIZATION,15582,15582,01KE9X2ZABHPZVJBH9DZ923VZ6,"Google Calendar","2026-03-05 02:34:30",2026-03-05,2026-03-08,"2026-03-05 02:34:30"
01KJY4VK6YD2FWNDA58KYFRQJQ,01KFMPS9H7B7Y8QSVCT0RY137A,ORGANIZATION,14342,14342,01KE9X2ZABHPZVJBH9DZ923VZ6,"Google Calendar","2026-03-05 04:42:21",2026-03-05,2026-03-08,"2026-03-05 04:42:21"
01KJZA5AS8VSADDV9NPBAWP4B2,01KJZ80BYXVX01CMKFX3G2CY9J,ORGANIZATION,15587,15587,01KE9Y0HYM6ANB5CM3EF77GPEX,Zendesk,"2026-03-05 15:34:17",2026-03-05,2026-03-08,"2026-03-05 15:34:17"
01KJZBW8H9MSJYG39FW7G6RW18,01KJNB582T3W807TWCG3J4ADXV,ORGANIZATION,15464,15464,01KHCJ33KTXK7HKQ64KWN3RTV8,"Jelou Shop","2026-03-05 16:04:17",2026-03-05,2026-03-08,"2026-03-05 16:04:17"
01KJZH0ZTA2VDV9SS23VXEAQN5,01KJR32VZJWB3RBA4XWZ8HR0JS,ORGANIZATION,15501,15501,01KE9X2NMP5YAS955ZTKG0VNWZ,Gmail,"2026-03-05 17:34:15",2026-03-05,2026-03-08,"2026-03-05 17:34:15"
01KJZW4ZEKS0DN5SSZYYFTQHK4,01K6BMKCBAACMKT2B1RXG219Z3,ORGANIZATION,11288,11288,01KHCJ33KTXK7HKQ64KWN3RTV8,"Jelou Shop","2026-03-05 20:48:40",2026-03-05,2026-03-08,"2026-03-05 20:48:40"
01KK02CS6SE23BH1N3KCQ8W4X9,01K6BMMX333AM4QY45CVWSHV0M,ORGANIZATION,11571,11571,01KE9X3G3SM6E8HKNTJ65DS8CC,"Google Sheets","2026-03-05 22:37:47",2026-03-05,2026-03-08,"2026-03-20 17:16:45"
01KK05C8H99VMHKYYWKNP9H8KH,01KJNB582T3W807TWCG3J4ADXV,ORGANIZATION,15464,15464,01K8Q4CSGH2GWQJ2SWJ2CAZ4EP,shopify,"2026-03-05 23:29:56",2026-03-05,2026-03-08,"2026-03-05 23:29:56"
01KK1VGWKFDCZEXA4H7AHCF8X7,01K6BMBDQV59MARWK984Q7XX8Y,ORGANIZATION,8613,8613,01KE9WZ1F3JPEYJ7W50YH15NFY,ElevenLabs,"2026-03-06 15:16:10",2026-03-06,2026-03-08,"2026-03-06 15:16:10"
01KK2CYGZ22N5BQ7PFPSJ4BNK5,01KEHXC07Z5MH761M46V6AWECZ,ORGANIZATION,14056,14056,01KE9X2ZABHPZVJBH9DZ923VZ6,"Google Calendar","2026-03-06 20:20:43",2026-03-06,2026-03-08,"2026-03-12 02:13:27"
01KK2EW3BGT6WJAGP86TA2J3CZ,01KK0HT6TYGTQT2C8RYFNVWK7N,ORGANIZATION,15633,15633,01KJD7F7SHQTPZYCTEPNTF0EA0,payphone,"2026-03-06 20:54:21",2026-03-06,2026-03-08,"2026-03-15 02:29:57"
01KK5HBWQX2762B34DJ7A5VQXJ,01K6BKNK120E00SR99Z31P1KAR,ORGANIZATION,12179,12179,01K9T48CSSES7595YGR8X9YH7Y,Supabase,"2026-03-08 01:35:39",2026-03-08,2026-03-08,"2026-03-08 01:35:39"
01KK9DSPRATZYF18X273HB67VE,01KEFKNF1DKJAVWQG6C4QHT5AR,ORGANIZATION,3240,3240,01KJQQN58BCC7XJT3854SSP76X,"Jelou KYC","2026-03-09 13:50:15",2026-03-09,2026-03-15,"2026-03-16 16:15:26"
01KK9EEWP7PGAJB5FD0PHRA1NN,01KH6TEXC80X4CAKV1VDQJFNQD,ORGANIZATION,14936,14936,01K9ZG775CSSPHP2QD4N058X65,Woocommerce,"2026-03-09 14:01:49",2026-03-09,2026-03-15,"2026-03-10 22:54:12"
01KK9GCVWHNNGG8B6NZ27Q7HBM,01K6BMB9V44T53ZNZ4PF43QDGD,ORGANIZATION,8567,8567,01KHCJ33KTXK7HKQ64KWN3RTV8,"Jelou Shop","2026-03-09 14:35:40",2026-03-09,2026-03-15,"2026-03-09 14:35:40"
01KK9KMQJAJDJZ6E9F1BJQRPCB,01K6BMEECZ1VFJ4HCYF5VV6AWM,ORGANIZATION,9706,9706,01KHCJ33KTXK7HKQ64KWN3RTV8,"Jelou Shop","2026-03-09 15:32:23",2026-03-09,2026-03-15,"2026-03-09 15:32:23"
01KK9M9HNZS1T0FGHY5R36YMG6,01K6BKNK120E00SR99Z31P1KAR,ORGANIZATION,11575,11575,01KE9X3728QC7MP37KPFTTVAPM,"Google Drive","2026-03-09 15:43:45",2026-03-09,2026-03-15,"2026-03-09 15:43:45"
01KKA4MBHPEB9H3YGB01H6090V,01K6BKP0XYCAF5ANT77EZ17AN5,ORGANIZATION,3423,3423,01KHCJ33KTXK7HKQ64KWN3RTV8,"Jelou Shop","2026-03-09 20:29:17",2026-03-09,2026-03-15,"2026-03-09 20:29:17"
01KKA5YNTFC41F7N51Y1D8FCG7,01K6BMFTB82FHBX101C3XRQZVF,ORGANIZATION,10078,10078,01KHCJ33KTXK7HKQ64KWN3RTV8,"Jelou Shop","2026-03-09 20:52:24",2026-03-09,2026-03-15,"2026-03-09 20:52:24"
01KKAEJEPSYZ24MW1PADA9F77D,01KK9RYMYD7EQDFA3VNG0FK3Q6,ORGANIZATION,15800,15800,01KE9X2ZABHPZVJBH9DZ923VZ6,"Google Calendar","2026-03-09 23:23:00",2026-03-09,2026-03-15,"2026-03-09 23:23:00"
01KKAJVNMRJ48BXYJXHG9EFNGW,01KKAJS22ENDF9ZPA4BBK8W4R6,ORGANIZATION,15835,15835,01KACXTX15H5F779RX6VNGJTNG,Contifico,"2026-03-10 00:37:57",2026-03-10,2026-03-15,"2026-03-10 00:37:57"
01KKASTV7ZAAS0AQQ3CB3CX8Z3,01KEAPYZBN9MSHPWH0Z1P9F3NE,ORGANIZATION,13927,13927,01KE9X2ZABHPZVJBH9DZ923VZ6,"Google Calendar","2026-03-10 02:39:50",2026-03-10,2026-03-15,"2026-03-10 02:39:50"
01KKC6TR2PHWZTER1SN6YM2P6W,01K6BMF3SGDTKPYFBCA72724NR,ORGANIZATION,9866,9866,01KHCJ33KTXK7HKQ64KWN3RTV8,"Jelou Shop","2026-03-10 15:46:12",2026-03-10,2026-03-15,"2026-03-10 15:46:12"
01KKCDQC0Q1CZTJ2MZZEQXAXST,01KK4BJD6YRH6YQNH2Z57XTRSX,ORGANIZATION,15707,15707,01KE9X2ZABHPZVJBH9DZ923VZ6,"Google Calendar","2026-03-10 17:46:42",2026-03-10,2026-03-15,"2026-03-10 17:46:42"
01KKCHZ50AB71YC7JFH74CQAR1,01K6BMBDQV59MARWK984Q7XX8Y,ORGANIZATION,8613,8613,01K9T48CSSES7595YGR8X9YH7Y,Supabase,"2026-03-10 19:00:51",2026-03-10,2026-03-15,"2026-03-10 19:00:51"
01KKCPQWCXGXQDENAX73SYZC8J,01KFKXXTS47HDE9Z2VA8Y121WP,ORGANIZATION,14339,14339,01KE9X2ZABHPZVJBH9DZ923VZ6,"Google Calendar","2026-03-10 20:24:16",2026-03-10,2026-03-15,"2026-03-10 20:31:14"
01KKCQ021DZZD5WZ9HXGZKRZ0Z,01KJWT9XC1HPJ0TQ5H9FB4X2YD,ORGANIZATION,15562,15562,01KJQPYDD3G5TQ94NGAFJRK2ZV,elevenlabs,"2026-03-10 20:28:43",2026-03-10,2026-03-15,"2026-03-10 20:28:43"
01KKD5TGG0XMW4S3P1VSAB37TG,01KGR0FN8PSN8VS8DF258MNQXQ,ORGANIZATION,14728,14728,01KE9X2ZABHPZVJBH9DZ923VZ6,"Google Calendar","2026-03-11 00:47:50",2026-03-11,2026-03-15,"2026-03-11 00:47:50"
01KKDT34ZMMMKVDK6WM3422BXP,01KJD7N4ZTSTPCH22T970RVRQB,ORGANIZATION,15338,15338,01K9YRKF62SR6K682D7W017AN4,Stripe,"2026-03-11 06:42:05",2026-03-11,2026-03-15,"2026-03-11 08:02:42"
01KKF1ZMWBMQNGP8H105QPQCZC,01KKBY8B241J822FRV1DYJ3500,ORGANIZATION,15852,15852,01KE9X2ZABHPZVJBH9DZ923VZ6,"Google Calendar","2026-03-11 18:19:13",2026-03-11,2026-03-15,"2026-03-11 18:19:13"
01KKF64DE0S507EH6Q5YPR8TYD,01KKEYSP6275XK9JV2HYN7CV3C,ORGANIZATION,15943,15943,01KE9X2ZABHPZVJBH9DZ923VZ6,"Google Calendar","2026-03-11 19:31:44",2026-03-11,2026-03-15,"2026-03-11 19:31:44"
01KKF76T5HH78VJ77M559HGMXC,01K6BM29HCEW1G6BG4KW216QBT,ORGANIZATION,8393,8393,01KE9X2ZABHPZVJBH9DZ923VZ6,"Google Calendar","2026-03-11 19:50:31",2026-03-11,2026-03-15,"2026-03-11 19:50:31"
01KKF8205R5YG22WS16G6ZYKA7,01KFEQXWQP3GRF2D6KWNMX4AFF,ORGANIZATION,14277,14277,01KHCJ33KTXK7HKQ64KWN3RTV8,"Jelou Shop","2026-03-11 20:05:22",2026-03-11,2026-03-15,"2026-03-11 20:05:22"
01KKFD034RQXXDFSZRWPQJGW18,01K6BM29HCEW1G6BG4KW216QBT,ORGANIZATION,8393,8393,01KE9X2NMP5YAS955ZTKG0VNWZ,Gmail,"2026-03-11 21:31:42",2026-03-11,2026-03-15,"2026-03-11 21:31:42"
01KKFNMYQ2X5RMVFB2FCVNPF1Z,01KJD7N4ZTSTPCH22T970RVRQB,ORGANIZATION,15338,15338,01KE9WSM3YFJVRWABRPTY1WGJ5,ClickUp,"2026-03-12 00:02:54",2026-03-12,2026-03-15,"2026-03-12 00:02:54"
01KKFQ8DAX3Q40FSQSHQC35RKN,01KEHXC07Z5MH761M46V6AWECZ,ORGANIZATION,14056,14056,01KE9XDZK9K45986557DCJCM6X,Notion,"2026-03-12 00:31:00",2026-03-12,2026-03-15,"2026-03-12 00:31:00"
01KKG03R6N31GPMG8ZWVC9G9G7,01K6BMEQV48B42V4X1FXDS03V2,ORGANIZATION,10375,10375,01KE9X3G3SM6E8HKNTJ65DS8CC,"Google Sheets","2026-03-12 03:05:45",2026-03-12,2026-03-15,"2026-03-12 03:05:45"
01KKHAB4GNPF0W4QZDEGRRW88C,01KKH7K26JTRDNV3NCJ071TMZA,ORGANIZATION,15985,15985,01KE9WSM3YFJVRWABRPTY1WGJ5,ClickUp,"2026-03-12 15:23:47",2026-03-12,2026-03-15,"2026-03-12 15:23:47"
01KKHDD21BAG3K6RHPM93PSWMF,01KEHV8EESFSVNCCKZK5DPQY96,ORGANIZATION,14054,14054,01KE9X3G3SM6E8HKNTJ65DS8CC,"Google Sheets","2026-03-12 16:17:16",2026-03-12,2026-03-15,"2026-03-12 16:17:16"
01KKHWC8K428RBC49KRHC0RR1Q,01K6BMKCV9F2BE2G38RNNHQ1MB,ORGANIZATION,11289,11289,01KHCJ33KTXK7HKQ64KWN3RTV8,"Jelou Shop","2026-03-12 20:38:58",2026-03-12,2026-03-15,"2026-03-12 20:38:58"
01KKHWFCGHAAQ3J7MYGBATWHT9,01KKEYSP6275XK9JV2HYN7CV3C,ORGANIZATION,15943,15943,01KE9XRA8J9P3Z6YTAMM9F6XQ5,Slack,"2026-03-12 20:40:41",2026-03-12,2026-03-15,"2026-03-12 20:40:41"
01KKJ1G6QQJZ4K83N8HVTQ9P6N,01KF13BC3T0FS44Q2AQNJE9NMB,ORGANIZATION,14142,14142,01KE9X2NMP5YAS955ZTKG0VNWZ,Gmail,"2026-03-12 22:08:30",2026-03-12,2026-03-15,"2026-03-12 22:08:30"
01KKJ804C4AGW0J7P3Y72YPEQT,01K6BM40FVGTRNC60NS7P5NE20,ORGANIZATION,6605,6605,01KE9XRA8J9P3Z6YTAMM9F6XQ5,Slack,"2026-03-13 00:02:04",2026-03-13,2026-03-15,"2026-03-13 00:02:04"
01KKKTTJN4SHPGYJEZYXMECF7Z,01KF13BC3T0FS44Q2AQNJE9NMB,ORGANIZATION,14142,14142,01KE9X2ZABHPZVJBH9DZ923VZ6,"Google Calendar","2026-03-13 14:50:19",2026-03-13,2026-03-15,"2026-03-13 14:50:19"
01KKKVAT77CHT1C516XWKCB4AP,01KF13BC3T0FS44Q2AQNJE9NMB,ORGANIZATION,14142,14142,01KE9X3728QC7MP37KPFTTVAPM,"Google Drive","2026-03-13 14:59:11",2026-03-13,2026-03-15,"2026-03-13 14:59:11"
01KKKZAGZ8SCZAGMS0VBDR4QS7,01KKKYT8RJ9H9JJDM3DPBQVRKD,ORGANIZATION,16121,16121,01K9ZG775CSSPHP2QD4N058X65,Woocommerce,"2026-03-13 16:08:56",2026-03-13,2026-03-15,"2026-03-13 16:08:56"
01KKM6T5G8YR7G6KB9YAPW2XE0,01KC1XRZ3KCNQXKKA8PB8V8MQ7,ORGANIZATION,13370,13370,01KJQQN58BCC7XJT3854SSP76X,"Jelou KYC","2026-03-13 18:19:49",2026-03-13,2026-03-15,"2026-03-13 18:19:49"
01KKMF8W231A6RY3R78R4YJ927,01K6BKNE4A4EK81TZWVE22SYJX,ORGANIZATION,2912,2912,01KE9X5G2XY1MD0E9GVNXDQXG7,HubSpot,"2026-03-13 20:47:39",2026-03-13,2026-03-15,"2026-03-13 20:47:39"
01KKMGX28WZ0EWAVP4B2AMM7M8,01K6BKJYH2HRECG47DE75KWASX,ORGANIZATION,4892,4892,01KE9X5G2XY1MD0E9GVNXDQXG7,HubSpot,"2026-03-13 21:16:09",2026-03-13,2026-03-15,"2026-03-13 21:16:09"
01KKNFYKGQ0C7RAFRJZEPD6ZBW,01KKNFTZ2RGZ8PEE25VQ6QE6GG,ORGANIZATION,16222,16222,01KE9X2ZABHPZVJBH9DZ923VZ6,"Google Calendar","2026-03-14 06:18:46",2026-03-14,2026-03-15,"2026-03-14 06:18:46"
01KKW0NW8HVDR0PA4ZH30F4ZK5,01KBFS77B8QTV5M58J17VQNSXZ,ORGANIZATION,13236,13236,01K8Q4CSGH2GWQJ2SWJ2CAZ4EP,shopify,"2026-03-16 19:06:32",2026-03-16,2026-03-22,"2026-03-17 17:08:16"
01KKW1ZZ2RZXJQV3A5411AYB1V,01KC1XRZ3KCNQXKKA8PB8V8MQ7,ORGANIZATION,13370,13370,01KJD7F7SHQTPZYCTEPNTF0EA0,payphone,"2026-03-16 19:29:31",2026-03-16,2026-03-22,"2026-03-19 16:13:31"
01KKW2DHW2KQCBEHHPG5RDZ5JK,01KKW09560CHRS8CQTGM45TNC3,ORGANIZATION,16437,16437,01KE9XZMVXMQ6T0FSQR4X6H0VV,WordPress.com,"2026-03-16 19:36:56",2026-03-16,2026-03-22,"2026-03-16 19:36:56"
01KKWQBEVX6GG15J2K6D9RKPAE,01KKWQ8096FYDYMZC9CDZBYBS1,ORGANIZATION,16471,16471,01KE9X2ZABHPZVJBH9DZ923VZ6,"Google Calendar","2026-03-17 01:42:48",2026-03-17,2026-03-22,"2026-03-17 01:42:48"
01KKXNZJ2ACM4KMNJZKWKD4Q3G,01KKXNDDEXVWCGTBHP0HY6827K,ORGANIZATION,16497,16497,01KE9X3G3SM6E8HKNTJ65DS8CC,"Google Sheets","2026-03-17 10:38:04",2026-03-17,2026-03-22,"2026-03-17 10:38:04"
01KKXS1SZN427PNH2KABNKTRN1,01KKXRRD125YY41HGPP9YRA8WH,ORGANIZATION,16503,16503,01KE9X3G3SM6E8HKNTJ65DS8CC,"Google Sheets","2026-03-17 11:31:43",2026-03-17,2026-03-22,"2026-03-17 11:31:43"
01KKY14JRSH07CWG7N0Z1Q1GBR,01KKKYT8RJ9H9JJDM3DPBQVRKD,ORGANIZATION,16121,16121,01KHCJ33KTXK7HKQ64KWN3RTV8,"Jelou Shop","2026-03-17 13:53:03",2026-03-17,2026-03-22,"2026-03-17 13:53:03"
01KKY29GCPK73JX3G49Y3HT9Z4,01KJD7N4ZTSTPCH22T970RVRQB,ORGANIZATION,15338,15338,01KE9XRA8J9P3Z6YTAMM9F6XQ5,Slack,"2026-03-17 14:13:13",2026-03-17,2026-03-22,"2026-03-17 14:13:13"
01KKY3S5KT7SP63RCN4PR2JKHT,01KKHR6G23R4TCP9A1XZ07K19X,ORGANIZATION,16147,16147,01KHCJ33KTXK7HKQ64KWN3RTV8,"Jelou Shop","2026-03-17 14:39:15",2026-03-17,2026-03-22,"2026-03-17 14:39:15"
01KKY532C6CM5GHJ2VCEBTWQCN,01KGFFA57HMZHY2FZJ4BF36WWA,ORGANIZATION,14582,14582,01KJQQN58BCC7XJT3854SSP76X,"Jelou KYC","2026-03-17 15:02:08",2026-03-17,2026-03-22,"2026-03-17 17:16:46"
01KKY7WZW4624M0R3X0RTKHHA0,01K6BKNK120E00SR99Z31P1KAR,ORGANIZATION,11788,11788,01KJD7F7SHQTPZYCTEPNTF0EA0,payphone,"2026-03-17 15:51:14",2026-03-17,2026-03-22,"2026-03-26 12:40:43"
01KKY80MVJE237MYXVCX7FNPFM,01KGN0TMPGMP06K9Y081AVEQDJ,ORGANIZATION,14669,14669,01KJQQN58BCC7XJT3854SSP76X,"Jelou KYC","2026-03-17 15:53:14",2026-03-17,2026-03-22,"2026-03-17 15:53:14"
01KKYKJTWXM7ADRDZJEVKQKVAM,01KGN0TMPGMP06K9Y081AVEQDJ,ORGANIZATION,14669,14669,01K9YRKF62SR6K682D7W017AN4,Stripe,"2026-03-17 19:15:24",2026-03-17,2026-03-22,"2026-03-17 19:15:24"
01KKYKYTVQ840JBE6YTS2KNBDN,01KKM397CEYYEQ9SMN14D8NCNJ,ORGANIZATION,16134,16134,01KHCJ33KTXK7HKQ64KWN3RTV8,"Jelou Shop","2026-03-17 19:21:57",2026-03-17,2026-03-22,"2026-03-17 19:21:57"
01KKYSHHDJ3HJ9MN7HDXXHT1WQ,01KEHRV8CSKZCN45STXANXDKPM,ORGANIZATION,14045,14045,01KJQQN58BCC7XJT3854SSP76X,"Jelou KYC","2026-03-17 20:59:33",2026-03-17,2026-03-22,"2026-03-17 20:59:33"
01KKYXV6FQPBX9DMCVF3XR29A4,01KKY5GJP4TSTXN69YS5ZJ8YAP,ORGANIZATION,16531,16531,01KE9X2NMP5YAS955ZTKG0VNWZ,Gmail,"2026-03-17 22:14:44",2026-03-17,2026-03-22,"2026-03-17 22:14:44"
01KKZ6MCABTVAS5B3B0HG2NXC3,01KG8CNXSQYFX195FG5X3DDATX,ORGANIZATION,14528,14528,01KHCJ33KTXK7HKQ64KWN3RTV8,"Jelou Shop","2026-03-18 00:48:18",2026-03-18,2026-03-22,"2026-03-18 00:48:18"
01KKZ9EF0Y4F0NZN4DR0HEJZDP,01KBBM3HXW588MF21EG78GZCQM,ORGANIZATION,13158,13158,01KCPXN7G12R0844JJ54YN8FZW,Calendly,"2026-03-18 01:37:30",2026-03-18,2026-03-22,"2026-03-18 01:37:30"
01KKZET84Z1VD8Z9FYH827KKNH,01KJXR4JMZ0MZNGWRWHRGEGY46,ORGANIZATION,15580,15580,01KE9X3728QC7MP37KPFTTVAPM,"Google Drive","2026-03-18 03:11:19",2026-03-18,2026-03-22,"2026-03-18 03:11:19"
01KKZQPH0QA7P1VW29WARP9BVS,01KFQ27ZWPK8TN35Y7H8EXN2JH,ORGANIZATION,14372,14372,01KACXTX15H5F779RX6VNGJTNG,Contifico,"2026-03-18 05:46:34",2026-03-18,2026-03-22,"2026-03-18 05:46:34"
01KM0C2K2VECCSANN9K44MMD90,01KM0AR8PX2ESBRV91YZ7NSSZD,ORGANIZATION,16616,16616,01KE9X2ZABHPZVJBH9DZ923VZ6,"Google Calendar","2026-03-18 11:42:41",2026-03-18,2026-03-22,"2026-03-18 11:42:41"
01KM0F2P6DG63MK63KRYZJCCXF,01KM0ESJ6MV1Y5M0HT1H53GJYD,ORGANIZATION,16626,16626,01KE9X2ZABHPZVJBH9DZ923VZ6,"Google Calendar","2026-03-18 12:35:10",2026-03-18,2026-03-22,"2026-03-18 12:35:10"
01KM0KZSDTNCFA10JBK4AEJBQW,01KKQYM15EGG3S0334AXRVH1DZ,ORGANIZATION,16291,16291,01KE9X2ZABHPZVJBH9DZ923VZ6,"Google Calendar","2026-03-18 14:00:58",2026-03-18,2026-03-22,"2026-03-18 14:00:58"
01KM18E4HGPVSS8K581Q0MV83D,01KM183Z7E5BCPKPB1Q7WWDJDZ,ORGANIZATION,16679,16679,01K9ZG775CSSPHP2QD4N058X65,Woocommerce,"2026-03-18 19:58:19",2026-03-18,2026-03-22,"2026-03-18 19:58:19"
01KM1FD9CGSSD82ZGEDC1ZGPKJ,01KE815AMGJ2XRH9RK9AXZXPV3,ORGANIZATION,13903,13903,01KE9X2ZABHPZVJBH9DZ923VZ6,"Google Calendar","2026-03-18 22:00:11",2026-03-18,2026-03-22,"2026-03-20 20:10:00"
01KM1FM4VT3NESZHW98DPJF8SV,01K6BMPJEJZPV2JSCZM6N5W1HS,ORGANIZATION,12121,12121,01KE9X2NMP5YAS955ZTKG0VNWZ,Gmail,"2026-03-18 22:03:56",2026-03-18,2026-03-22,"2026-03-18 22:03:56"
01KM1FY0PBFZQF04DAC4JFVZJW,01KC1XRZ3KCNQXKKA8PB8V8MQ7,ORGANIZATION,13370,13370,01K8Q4CSGH2GWQJ2SWJ2CAZ4EP,shopify,"2026-03-18 22:09:20",2026-03-18,2026-03-22,"2026-03-19 18:37:39"
01KM1H65W0GAPNAYSVPVS0Y3EA,01KJXR4JMZ0MZNGWRWHRGEGY46,ORGANIZATION,15580,15580,01KE9X3G3SM6E8HKNTJ65DS8CC,"Google Sheets","2026-03-18 22:31:16",2026-03-18,2026-03-22,"2026-03-19 13:25:28"
01KM1JTFHFA6Y97XPHAY8SW09A,01KKCEXFG0CN74KRX79AAMZH18,ORGANIZATION,15888,15888,01KHCJ33KTXK7HKQ64KWN3RTV8,"Jelou Shop","2026-03-18 22:59:49",2026-03-18,2026-03-22,"2026-03-18 22:59:49"
01KM24KJTX3S4JA6TR6T030K5E,01K6BMEQV48B42V4X1FXDS03V2,ORGANIZATION,10375,10375,01KE9X2NMP5YAS955ZTKG0VNWZ,Gmail,"2026-03-19 04:10:38",2026-03-19,2026-03-22,"2026-03-19 04:10:38"
01KM33JN3PXGTBKGFB7XYBCG05,01KE815AMGJ2XRH9RK9AXZXPV3,ORGANIZATION,13903,13903,01K8Q4CSGH2GWQJ2SWJ2CAZ4EP,shopify,"2026-03-19 13:11:53",2026-03-19,2026-03-22,"2026-03-19 13:11:53"
01KM3AZDX4AF9G924B1KNFXTPQ,01KK9PHDKGWBATQ20556T3JNGK,ORGANIZATION,15790,15790,01KJQQN58BCC7XJT3854SSP76X,"Jelou KYC","2026-03-19 15:21:12",2026-03-19,2026-03-22,"2026-03-19 15:21:12"
01KM3F3C0V1DQK9JD086YPMSJN,01K6BMCRV69DNDB5TF0DA07NC5,ORGANIZATION,9141,9141,01KE9X5G2XY1MD0E9GVNXDQXG7,HubSpot,"2026-03-19 16:33:15",2026-03-19,2026-03-22,"2026-03-19 16:33:15"
01KM3FZTWJGYMNWW46M628SDR8,01KM3FCDVYYPWBCPPCHDEH643G,ORGANIZATION,16754,16754,01KE9X2ZABHPZVJBH9DZ923VZ6,"Google Calendar","2026-03-19 16:48:48",2026-03-19,2026-03-22,"2026-03-19 16:48:48"
01KM3H9XJKFJ5G98DVP15HNS2N,01KHP8ZTB7SNBFHSD7SDYZ9W8A,ORGANIZATION,15037,15037,01KJBDEDQQ11MAHQJGWZYRTW98,"De Una","2026-03-19 17:11:47",2026-03-19,2026-03-22,"2026-03-19 17:11:47"
01KM3RH2VBN9W5W2M953YN56M4,01KBFS77B8QTV5M58J17VQNSXZ,ORGANIZATION,13236,13236,01KE9X5G2XY1MD0E9GVNXDQXG7,HubSpot,"2026-03-19 19:18:02",2026-03-19,2026-03-22,"2026-03-19 19:18:02"
01KM3WGVJJ70JEHPEXC8ZFDE0H,01KJDGYJ0SHK26JTWHZTEMPFVT,ORGANIZATION,15349,15349,01KJQQN58BCC7XJT3854SSP76X,"Jelou KYC","2026-03-19 20:27:49",2026-03-19,2026-03-22,"2026-03-25 13:26:10"
01KM3WRE0RNYX656H9W9D03P7C,01KKQX9AF2HEGZER10CKMCYGEQ,ORGANIZATION,16285,16285,01KE9X2ZABHPZVJBH9DZ923VZ6,"Google Calendar","2026-03-19 20:31:57",2026-03-19,2026-03-22,"2026-03-19 20:31:57"
01KM3YH3N6E4B461ET0RDAAMZC,01K6BKH56T5CB3M754CCNMH5BM,ORGANIZATION,3240,3240,01KJQQN58BCC7XJT3854SSP76X,"Jelou KYC","2026-03-19 21:02:54",2026-03-19,2026-03-22,"2026-03-19 21:02:54"
01KM40V09WQC9JRAKJMYH7CG8V,01K6BMG54T9ABE3AB93P8JW4NY,ORGANIZATION,10190,10190,01KE9Y102R56BW6QWT5HBWJNVG,"Zoho CRM","2026-03-19 21:43:16",2026-03-19,2026-03-22,"2026-03-19 21:43:16"
01KM42X8VFQ9WB5A0GE1S572D5,01KM424GTQCCNHWASTCZ5DMTFZ,ORGANIZATION,16816,16816,01KE9X2ZABHPZVJBH9DZ923VZ6,"Google Calendar","2026-03-19 22:19:27",2026-03-19,2026-03-22,"2026-03-19 22:19:27"
01KM4YKZVX1S4QQJGWYHFDHGTK,01KM4YBBYGWCKZX6RS1WPKXQ9K,ORGANIZATION,16851,16851,01KE9X2ZABHPZVJBH9DZ923VZ6,"Google Calendar","2026-03-20 06:23:43",2026-03-20,2026-03-22,"2026-03-20 06:23:43"
01KM4YNWXTA3N1XVAD82SWZZ23,01KM4YBBYGWCKZX6RS1WPKXQ9K,ORGANIZATION,16851,16851,01KE9X2NMP5YAS955ZTKG0VNWZ,Gmail,"2026-03-20 06:24:46",2026-03-20,2026-03-22,"2026-03-20 06:24:46"
01KM5TCHKB993HZEPYZS5XJRZT,01KGN0TMPGMP06K9Y081AVEQDJ,ORGANIZATION,14669,14669,01KCPXN7G12R0844JJ54YN8FZW,Calendly,"2026-03-20 14:28:59",2026-03-20,2026-03-22,"2026-03-20 14:28:59"
01KM5W6S5SE128YTXA0V03FG4J,01KKNDFR0MJHY3BHY0ZYEPEEWA,ORGANIZATION,16220,16220,01KE9X3G3SM6E8HKNTJ65DS8CC,"Google Sheets","2026-03-20 15:00:47",2026-03-20,2026-03-22,"2026-03-20 15:00:47"
01KM66MQ3D37ZN0E87E8MSMS00,01K6BMA0V4N81BV31T69W1R2G5,ORGANIZATION,7865,7865,01KJQQN58BCC7XJT3854SSP76X,"Jelou KYC","2026-03-20 18:03:10",2026-03-20,2026-03-22,"2026-03-20 18:03:10"
01KM6C6QX9E0NJDFKRWJA1E1NR,01KM6BNAGP5PEJGN875PBZSR0V,ORGANIZATION,16925,16925,01KE9X3G3SM6E8HKNTJ65DS8CC,"Google Sheets","2026-03-20 19:40:23",2026-03-20,2026-03-22,"2026-03-20 19:40:23"
01KM6FFB0HAEY8DZYJKT9JQAAA,01KJGGN5D83C0K02VSCAANE4GN,ORGANIZATION,15434,15434,01KE9X2ZABHPZVJBH9DZ923VZ6,"Google Calendar","2026-03-20 20:37:31",2026-03-20,2026-03-22,"2026-03-25 23:38:42"
01KM6HC1KTVD3N06E8NEHJ4DVJ,01KM6CVBAWYJ34ETVPTKQ7VBWM,ORGANIZATION,16931,16931,01KE9XBR50226V50Z6AGSVZHZV,"Microsoft Outlook Calendar","2026-03-20 21:10:40",2026-03-20,2026-03-22,"2026-03-20 21:10:40"
01KM8C0KW873QT6Q8EMPQHM39P,01KM8BT5SMRBZZN388HQ3JZ88Q,ORGANIZATION,17067,17067,01KE9X2ZABHPZVJBH9DZ923VZ6,"Google Calendar","2026-03-21 14:15:31",2026-03-21,2026-03-22,"2026-03-21 14:15:31"
01KM9FGYXMKKT5K5PD9Y7F54KT,01KM6CVBAWYJ34ETVPTKQ7VBWM,ORGANIZATION,16931,16931,01KE9X5G2XY1MD0E9GVNXDQXG7,HubSpot,"2026-03-22 00:36:07",2026-03-22,2026-03-22,"2026-03-22 00:36:07"
01KM9FJCPFVKXT7AE0CGHDDH41,01KM6CVBAWYJ34ETVPTKQ7VBWM,ORGANIZATION,16931,16931,01KE9X2ZABHPZVJBH9DZ923VZ6,"Google Calendar","2026-03-22 00:36:54",2026-03-22,2026-03-22,"2026-03-22 00:36:54"
01KM9FKB10FJ2B1JYF6S7NC18R,01KM6CVBAWYJ34ETVPTKQ7VBWM,ORGANIZATION,16931,16931,01KE9X2NMP5YAS955ZTKG0VNWZ,Gmail,"2026-03-22 00:37:25",2026-03-22,2026-03-22,"2026-03-22 00:37:25"
01KM9KEAKYGFP896GKCTWQT3XM,01KM6CVBAWYJ34ETVPTKQ7VBWM,ORGANIZATION,16931,16931,01K8Q4CSGH2GWQJ2SWJ2CAZ4EP,shopify,"2026-03-22 01:44:35",2026-03-22,2026-03-22,"2026-03-22 01:44:35"
01KM9NQ8TY3508Y40SSQ7M6JHT,01K6BKP0XYCAF5ANT77EZ17AN5,ORGANIZATION,5969,5969,01KE9X2NMP5YAS955ZTKG0VNWZ,Gmail,"2026-03-22 02:24:25",2026-03-22,2026-03-22,"2026-03-22 02:24:25"
01KM9SDVH916A1FFVM0NA1Z4F7,01KEAPYZBN9MSHPWH0Z1P9F3NE,ORGANIZATION,13927,13927,01KHCJ33KTXK7HKQ64KWN3RTV8,"Jelou Shop","2026-03-22 03:29:11",2026-03-22,2026-03-22,"2026-03-22 03:29:11"
01KMB3QK9AG4K0R2R0CP1JA8JP,01KMB30XQXEY3A0AJBKB0H3N1P,ORGANIZATION,17148,17148,01KE9X2ZABHPZVJBH9DZ923VZ6,"Google Calendar","2026-03-22 15:48:31",2026-03-22,2026-03-22,"2026-03-22 15:48:31"
01KMBZAD6DSEK5ZAGTTTNREDXA,01KMBZ7WS9QNZWXPR0AVBMW3V2,ORGANIZATION,17180,17180,01KCPXN7G12R0844JJ54YN8FZW,Calendly,"2026-03-22 23:50:39",2026-03-22,2026-03-22,"2026-03-22 23:50:39"
01KMDGW6S8HPSN86CVNJNY48MS,01KH6TEXC80X4CAKV1VDQJFNQD,ORGANIZATION,14936,14936,01KJBDEDQQ11MAHQJGWZYRTW98,"De Una","2026-03-23 14:16:42",2026-03-23,2026-03-29,"2026-03-23 14:16:42"
01KMDYFZZNFC8G85H812V39ZB9,01KGN0TMPGMP06K9Y081AVEQDJ,ORGANIZATION,14669,14669,01KACXTX15H5F779RX6VNGJTNG,Contifico,"2026-03-23 18:14:42",2026-03-23,2026-03-29,"2026-03-23 18:14:42"
01KME3ZS73C46CQKJBNCWZW4EF,01KJDGYJ0SHK26JTWHZTEMPFVT,ORGANIZATION,15349,15349,01KE9WSM3YFJVRWABRPTY1WGJ5,ClickUp,"2026-03-23 19:50:42",2026-03-23,2026-03-29,"2026-03-23 19:50:42"
01KME5WTEJ7WZT42SRBPJRYJXG,01KHKV9CDXX5V489KBNPGFE267,ORGANIZATION,15029,15029,01KE9X3G3SM6E8HKNTJ65DS8CC,"Google Sheets","2026-03-23 20:24:02",2026-03-23,2026-03-29,"2026-03-23 20:24:02"
01KME6H86VKCZY0DC555XNGP1Q,01K6BKTNH3GQ5DQDDZYGH9BA1N,ORGANIZATION,4725,4725,01KJQQN58BCC7XJT3854SSP76X,"Jelou KYC","2026-03-23 20:35:12",2026-03-23,2026-03-29,"2026-03-23 20:35:12"
01KME6QF4ZMQFYKXHY4HSG7K08,01KKCEXFG0CN74KRX79AAMZH18,ORGANIZATION,15888,15888,01K9YRKF62SR6K682D7W017AN4,Stripe,"2026-03-23 20:38:35",2026-03-23,2026-03-29,"2026-03-23 20:38:35"
01KME85WJVJ5C6BNPA10HTB0VR,01K6BKQ6TQZSJATVS546X8S9BY,ORGANIZATION,8276,8276,01KE9XRA8J9P3Z6YTAMM9F6XQ5,Slack,"2026-03-23 21:03:57",2026-03-23,2026-03-29,"2026-03-23 21:03:57"
01KME9RJK6QD6CW3N60QM5E4HJ,01K6BM9YEBACRTBE03308034GR,ORGANIZATION,7787,7787,01KHCJ33KTXK7HKQ64KWN3RTV8,"Jelou Shop","2026-03-23 21:31:37",2026-03-23,2026-03-29,"2026-03-23 21:31:37"
01KMG440B8H27J7KP25ETS4B54,01KMG3R875X9423SQMFDBXJZTM,ORGANIZATION,17315,17315,01KE9X3G3SM6E8HKNTJ65DS8CC,"Google Sheets","2026-03-24 14:31:29",2026-03-24,2026-03-29,"2026-03-24 14:31:29"
01KMG582DK8BEFM7BQZNZG50PR,01KKESS9D0Q56XW5CHKF68667Q,ORGANIZATION,15935,15935,01KE9X2ZABHPZVJBH9DZ923VZ6,"Google Calendar","2026-03-24 14:51:11",2026-03-24,2026-03-29,"2026-03-24 14:51:11"
01KMG8G3AXWETFV9Y6YM4642CR,01KHP8ZTB7SNBFHSD7SDYZ9W8A,ORGANIZATION,15037,15037,01KD6KRM8CQZ0042788SDAM3W6,Bitrix24,"2026-03-24 15:48:00",2026-03-24,2026-03-29,"2026-03-24 15:48:00"
01KMG8RWMKBTE5CBFPWQXS5PZT,01K6BKNK120E00SR99Z31P1KAR,ORGANIZATION,11788,11788,01KD6KRM8CQZ0042788SDAM3W6,Bitrix24,"2026-03-24 15:52:48",2026-03-24,2026-03-29,"2026-03-24 16:06:57"
01KMGB4NSVZ13VFAK4TZ79PHAV,01K6BKQ6TQZSJATVS546X8S9BY,ORGANIZATION,12231,12231,01KJQQN58BCC7XJT3854SSP76X,"Jelou KYC","2026-03-24 16:34:11",2026-03-24,2026-03-29,"2026-03-24 16:34:11"
01KMGE0WKF1WVHZ0P3KP6Y2ADJ,01KJD76GZFMFSG06TP96JQ9VSS,ORGANIZATION,15474,15474,01KJQQN58BCC7XJT3854SSP76X,"Jelou KYC","2026-03-24 17:24:33",2026-03-24,2026-03-29,"2026-03-24 17:24:33"
01KMGND9TW1MTY8EVJW75V4VE0,01KBFS77B8QTV5M58J17VQNSXZ,ORGANIZATION,13236,13236,01KE9XDZK9K45986557DCJCM6X,Notion,"2026-03-24 19:33:40",2026-03-24,2026-03-29,"2026-03-24 19:33:40"
01KMGPY6NBQPJT45TVWMWJ01NW,01KMGPHMNPBBFAYZ47FTH3J8BT,ORGANIZATION,17345,17345,01KE9X2ZABHPZVJBH9DZ923VZ6,"Google Calendar","2026-03-24 20:00:22",2026-03-24,2026-03-29,"2026-03-24 20:00:22"
01KMGQ2NXFEJC085J0BV0D41KC,01KMGPHMNPBBFAYZ47FTH3J8BT,ORGANIZATION,17345,17345,01KE9X2NMP5YAS955ZTKG0VNWZ,Gmail,"2026-03-24 20:02:49",2026-03-24,2026-03-29,"2026-03-24 20:02:49"
01KMGQ996V7G0KJE3MWREDVP19,01KMGPHMNPBBFAYZ47FTH3J8BT,ORGANIZATION,17345,17345,01KE9X2XV1YH3PSWW1VVYW7DMG,"Google Analytics","2026-03-24 20:06:25",2026-03-24,2026-03-29,"2026-03-24 20:06:25"
01KMH8JKAMYYNZ8ZR41H76TAZ0,01KMH8CHMZZMJ5VD6QSV270J16,ORGANIZATION,17366,17366,01KE9X7E0SPMTHT7YP7SF7C8B8,Jumpseller,"2026-03-25 01:08:36",2026-03-25,2026-03-29,"2026-03-25 01:08:36"
01KMHET7DBGQQ7MWYFDQSQCW6F,01KK750R31N0C55C8ZNSBYPX2M,ORGANIZATION,15760,15760,01K8Q4CSGH2GWQJ2SWJ2CAZ4EP,shopify,"2026-03-25 02:57:38",2026-03-25,2026-03-29,"2026-03-26 03:07:58"
01KMHFDSBPA6A3VQ04FEFKWD4D,01K6BKH5TEAGF9VVGDG2919S2V,ORGANIZATION,14868,14868,01KE9X2FABQRJDZ8RAS7SX35QV,GitHub,"2026-03-25 03:08:19",2026-03-25,2026-03-29,"2026-03-25 03:11:20"
01KMJPGHTGJSRKAZW42E5MZ231,01KMJKKW5H9HJKMA0YJXXK6HX9,ORGANIZATION,17410,17410,01K8Q4CSGH2GWQJ2SWJ2CAZ4EP,shopify,"2026-03-25 14:31:24",2026-03-25,2026-03-29,"2026-03-25 14:31:24"
01KMJTCXWZCJGKNMZ8KN5P3QBV,01KME1RW70FRED3CPK9CGFY8R8,ORGANIZATION,17249,17249,01K9YRKF62SR6K682D7W017AN4,Stripe,"2026-03-25 15:39:19",2026-03-25,2026-03-29,"2026-03-25 15:40:09"
01KMJVB0XH7DV2TESKGSP26R1X,01KF13BC3T0FS44Q2AQNJE9NMB,ORGANIZATION,14142,14142,01KHCJ33KTXK7HKQ64KWN3RTV8,"Jelou Shop","2026-03-25 15:55:45",2026-03-25,2026-03-29,"2026-03-25 15:55:45"
01KMJZ52D475BDGBXVEYJNKRXH,01K6BMN8MXAYMQQWYZ550G1CHG,ORGANIZATION,11639,11639,01KJQQN58BCC7XJT3854SSP76X,"Jelou KYC","2026-03-25 17:02:25",2026-03-25,2026-03-29,"2026-03-25 17:02:25"
01KMK28K9MK52CG2V98448AEEP,01KFEJAD433D0S5YZ78CN4B66K,ORGANIZATION,14271,14271,01K9T48CSSES7595YGR8X9YH7Y,Supabase,"2026-03-25 17:56:46",2026-03-25,2026-03-29,"2026-03-25 17:56:46"
01KMK3WCVQY9YCTH75KMA2PK48,01KKT23KACJG0ZZEKC8X8SA4S8,ORGANIZATION,16344,16344,01KCSR305CM0PCY1KPMEQPZVZZ,Odoo,"2026-03-25 18:25:03",2026-03-25,2026-03-29,"2026-03-25 18:25:03"
01KMK6B5C3AKFQBWDAKR5HN5FD,01KKT23KACJG0ZZEKC8X8SA4S8,ORGANIZATION,16344,16344,01KE9X2ZABHPZVJBH9DZ923VZ6,"Google Calendar","2026-03-25 19:08:04",2026-03-25,2026-03-29,"2026-03-25 19:08:04"
01KMK6D604CB2XHZT20Z622J35,01KKT23KACJG0ZZEKC8X8SA4S8,ORGANIZATION,16344,16344,01KE9X2NMP5YAS955ZTKG0VNWZ,Gmail,"2026-03-25 19:09:11",2026-03-25,2026-03-29,"2026-03-25 19:09:11"
01KMK6E99D2EG7KMFEPM730537,01KKT23KACJG0ZZEKC8X8SA4S8,ORGANIZATION,16344,16344,01KE9X3G3SM6E8HKNTJ65DS8CC,"Google Sheets","2026-03-25 19:09:47",2026-03-25,2026-03-29,"2026-03-25 19:09:47"
01KMKJ575QFNBY8ATBF0BJ9PY9,01KMKHQ30NGTX2G3SH4H8WAA32,ORGANIZATION,17492,17492,01K9ZG775CSSPHP2QD4N058X65,Woocommerce,"2026-03-25 22:34:33",2026-03-25,2026-03-29,"2026-03-25 22:34:33"
01KMKT5MZ150F57APD66EGDSHB,01KMKSS45DABZFM0GWRC4AEHVJ,ORGANIZATION,17506,17506,01KE9X38XCN7RR41K88R960TTS,"Google Gemini","2026-03-26 00:54:35",2026-03-26,2026-03-29,"2026-03-26 00:54:35"
01KMKXWQ3A0Y7DQDV9F1W3J3SF,01KMKXGSZ95ETF84HG6DHP092S,ORGANIZATION,17513,17513,01KE9X3G3SM6E8HKNTJ65DS8CC,"Google Sheets","2026-03-26 01:59:37",2026-03-26,2026-03-29,"2026-03-26 01:59:37"
01KMNCKR7X4D2FG1JFV8EFV2KD,01KM9FN2AFBFMFQZSNC4RWQ8X6,ORGANIZATION,17119,17119,01KHCJ33KTXK7HKQ64KWN3RTV8,"Jelou Shop","2026-03-26 15:36:06",2026-03-26,2026-03-29,"2026-03-26 15:36:06"
